idx,name,team,mound,inning,result,strikeout,dead4ball,losescore,earnedrun,pitchnum,hitted,homerun,battednum,batternum
20240702010,쿠에바스,KT,1,60,L,4,2,3,3,100,7,0,24,26
20240702010,김민수,KT,0,10,L,2,0,0,0,15,0,0,3,3
20240702010,김민,KT,0,11,L,1,0,0,0,17,1,0,5,5
20240702010,박영현,KT,0,12,W,2,0,0,0,23,0,0,5,5
20240702010,박시영,KT,0,10,L,1,0,2,2,20,3,0,6,6
20240702006,네일,KIA,1,50,L,7,3,4,3,83,4,1,18,21
20240702006,장현식,KIA,0,10,L,0,0,0,0,24,1,0,4,4
20240702006,최지민,KIA,0,10,L,1,2,0,0,16,0,0,2,4
20240702006,곽도규,KIA,0,01,L,1,0,0,0,7,0,0,1,1
20240702006,임기영,KIA,0,11,L,2,1,0,0,27,2,0,5,7
20240702006,전상현,KIA,0,11,W,1,0,1,1,26,1,0,4,5
20240702005,켈리,LG,1,60,L,4,1,1,1,96,7,0,25,26
20240702005,김진성,LG,0,10,H,1,1,0,0,13,0,0,2,3
20240702005,정우영,LG,0,00,L,0,0,3,3,7,3,0,3,3
20240702005,백승현,LG,0,10,L,1,1,0,0,19,1,0,3,5
20240703010,벤자민,KT,1,70,W,8,2,0,0,97,3,0,24,26
20240703010,김민,KT,0,02,L,2,1,2,2,24,3,0,5,6
20240703010,박영현,KT,0,11,L,2,0,0,0,11,0,0,4,4
20240703002,박세웅,롯데,1,40,L,4,2,6,6,90,8,1,20,22
20240703002,김상수,롯데,0,10,L,2,0,1,1,16,1,1,4,4
20240703002,이민석,롯데,0,10,L,0,1,2,2,25,1,0,4,5
20240703002,진해수,롯데,0,00,L,0,1,0,0,1,0,0,0,1
20240703002,구승민,롯데,0,10,L,1,1,1,1,13,1,0,4,5
20240703002,한현희,롯데,0,00,L,0,1,1,1,6,0,0,0,1
20240703002,박진,롯데,0,10,L,0,1,2,2,20,2,1,5,6
20240703006,알드레드,KIA,1,42,L,7,2,4,4,89,3,1,17,19
20240703006,장현식,KIA,0,21,W,1,0,0,0,32,2,0,8,8
20240703006,최지민,KIA,0,02,H,1,0,0,0,15,1,0,3,3
20240703006,임기영,KIA,0,00,L,0,1,0,0,13,1,0,1,2
20240703006,전상현,KIA,0,11,L,0,0,0,0,14,0,0,4,4
20240703011,엘리아스,SSG,1,62,L,6,0,4,4,102,8,2,26,28
20240703011,이로운,SSG,0,01,L,0,0,0,0,4,0,0,1,1
20240703011,조병현,SSG,0,10,L,2,0,0,0,10,1,0,4,4
20240703005,엔스,LG,1,60,L,9,1,4,4,102,7,0,25,26
20240703005,이상영,LG,0,10,L,2,0,0,0,16,0,0,3,3
20240703005,김영준,LG,0,10,L,0,0,0,0,14,1,0,4,4
20240704010,엄상백,KT,1,22,L,2,1,3,3,68,5,0,13,14
20240704010,김민수,KT,0,10,L,0,0,5,3,20,5,0,7,8
20240704010,우규민,KT,0,11,L,1,0,0,0,15,0,0,5,5
20240704010,성재헌,KT,0,01,L,0,1,2,2,8,1,0,1,3
20240704010,이채호,KT,0,02,L,0,0,0,0,13,1,0,3,3
20240704010,문용익,KT,0,10,L,1,2,3,3,31,2,0,5,7
20240704010,주권,KT,0,10,L,0,0,0,0,8,0,0,3,3
20240704002,윌커슨,롯데,1,50,L,5,1,4,3,91,5,2,21,22
20240704002,김진욱,롯데,0,00,L,0,1,1,1,14,2,0,2,3
20240704002,이민석,롯데,0,10,L,0,1,0,0,18,0,0,2,3
20240704002,한현희,롯데,0,10,L,2,0,0,0,19,2,0,5,5
20240704002,김강현,롯데,0,10,L,2,1,1,0,21,1,0,4,5
20240704006,양현종,KIA,1,50,L,5,1,3,3,96,5,2,19,20
20240704006,김대유,KIA,0,01,L,0,0,0,0,5,0,0,1,1
20240704006,황동하,KIA,0,32,W,3,1,0,0,43,0,0,11,12
20240704011,김광현,SSG,1,70,L,7,0,0,0,91,2,0,23,23
20240704011,노경은,SSG,0,10,L,1,1,0,0,13,0,0,3,4
20240704011,조병현,SSG,0,10,L,1,1,0,0,21,0,0,3,4
20240704011,앤더슨,SSG,0,10,L,3,0,0,0,21,0,0,3,3
20240704011,문승원,SSG,0,10,L,0,1,0,0,18,0,0,3,4
20240704011,이로운,SSG,0,00,L,0,0,2,1,5,1,1,2,2
20240704005,임찬규,LG,1,60,W,4,1,1,1,86,4,0,22,23
20240704005,김진성,LG,0,10,H,2,1,0,0,18,0,0,3,4
20240704005,이상영,LG,0,01,H,0,2,1,1,10,0,0,1,3
20240704005,유영찬,LG,0,12,L,1,1,0,0,24,0,0,5,6
20240709006,네일,KIA,1,51,W,4,1,4,4,79,6,1,23,24
20240709006,김대유,KIA,0,02,L,0,0,0,0,8,0,0,2,2
20240709006,곽도규,KIA,0,02,L,0,1,0,0,11,1,0,3,4
20240709006,임기영,KIA,0,11,L,0,0,0,0,17,2,0,5,5
20240709006,김사윤,KIA,0,10,L,1,1,0,0,15,0,0,3,4
20240709002,한현희,롯데,1,50,L,4,1,4,4,88,5,1,20,21
20240709002,진해수,롯데,0,02,L,1,0,0,0,13,1,0,3,3
20240709002,구승민,롯데,0,11,L,3,2,0,0,27,1,0,5,7
20240709002,김상수,롯데,0,02,L,0,1,3,1,17,2,0,2,6
20240709002,이민석,롯데,0,01,L,1,1,0,0,16,1,0,2,3
20240709004,와이스,한화,1,70,L,6,3,2,1,97,5,0,26,29
20240709004,황준서,한화,0,01,L,0,2,2,1,12,0,0,1,3
20240709004,한승혁,한화,0,02,L,1,1,1,0,15,1,0,3,4
20240710006,양현종,KIA,1,50,L,3,0,1,1,87,6,1,20,20
20240710006,임기영,KIA,0,02,L,0,0,0,0,9,1,0,3,3
20240710006,김대유,KIA,0,01,L,1,0,0,0,8,0,0,1,1
20240710006,장현식,KIA,0,10,L,1,0,0,0,11,1,0,4,4
20240710006,최지민,KIA,0,10,L,1,2,1,1,27,1,0,4,6
20240710006,전상현,KIA,0,20,W,1,0,0,0,32,1,0,7,7
20240710002,반즈,롯데,1,60,W,9,1,0,0,77,2,0,20,21
20240710002,구승민,롯데,0,10,L,1,0,0,0,14,0,0,3,3
20240710002,김상수,롯데,0,10,L,1,1,0,0,17,0,0,3,4
20240710002,김원중,롯데,0,10,L,1,0,1,0,17,1,0,5,5
20240710009,카스타노,NC,1,40,L,7,1,7,7,79,8,1,19,20
20240710009,송명기,NC,0,10,L,0,1,2,2,22,2,1,5,6
20240710009,최성영,NC,0,10,L,1,1,1,1,17,1,0,3,5
20240710009,배재환,NC,0,10,L,3,1,0,0,21,0,0,3,4
20240710009,전루건,NC,0,10,L,0,1,5,5,33,5,0,6,9
20240710001,김민규,두산,1,21,L,1,4,5,5,53,2,1,9,13
20240710001,이영하,두산,0,02,L,0,1,0,0,14,1,0,3,4
20240710001,김강률,두산,0,01,L,0,1,0,0,19,1,0,2,3
20240710001,박치국,두산,0,10,L,1,2,1,1,16,1,0,3,5
20240710001,홍건희,두산,0,02,L,0,1,0,0,16,0,0,2,3
20240710001,이교훈,두산,0,10,L,1,0,0,0,17,0,0,4,4
20240710001,최지강,두산,0,20,L,3,0,0,0,29,1,0,7,7
20240710001,김택연,두산,0,12,L,5,1,1,1,34,2,0,7,8
20240710004,바리아,한화,1,62,W,3,2,0,0,80,3,0,23,25
20240710004,이민우,한화,0,01,L,0,0,0,0,7,1,0,2,2
20240710004,김규연,한화,0,10,L,0,0,0,0,9,1,0,3,3
20240710004,조동욱,한화,0,10,L,1,0,0,0,14,1,0,4,4
20240711006,알드레드,KIA,1,62,W,9,2,0,0,95,1,0,20,22
20240711006,장현식,KIA,0,11,H,2,0,0,0,19,0,0,4,4
20240711006,최지민,KIA,0,00,L,0,1,1,0,9,1,0,1,2
20240711006,전상현,KIA,0,10,L,0,1,1,0,19,2,0,5,6
20240711002,윌커슨,롯데,1,50,L,6,0,4,4,98,10,2,25,25
20240711002,이민석,롯데,0,11,L,0,1,1,1,26,3,0,7,8
20240711002,박진,롯데,0,02,L,0,0,0,0,16,1,0,3,3
20240711002,송재영,롯데,0,01,L,0,1,0,0,6,0,0,0,2
20240711002,김강현,롯데,0,02,L,0,0,0,0,10,0,0,2,2
20240711009,신민혁,NC,1,30,L,3,1,6,6,66,7,4,16,17
20240711009,이준호,NC,0,20,L,2,0,0,0,37,3,0,9,9
20240711009,임정호,NC,0,10,L,0,1,0,0,15,0,0,2,3
20240711009,김영규,NC,0,10,L,2,1,0,0,17,0,0,3,4
20240711009,김재열,NC,0,10,L,1,1,0,0,14,1,0,4,6
20240711001,김유성,두산,1,20,L,2,3,1,1,50,3,0,9,12
20240711001,이교훈,두산,0,22,W,4,0,0,0,41,2,0,10,10
20240711001,김강률,두산,0,02,L,2,0,0,0,14,1,0,3,3
20240711001,김명신,두산,0,02,L,0,0,0,0,6,0,0,2,2
20240711001,이병헌,두산,0,10,L,1,0,0,0,21,1,0,4,4
20240711001,박정수,두산,0,10,L,1,0,0,0,21,2,0,5,5
20240711001,권휘,두산,0,10,L,2,0,0,0,16,2,0,5,5
20240711004,류현진,한화,1,60,L,3,1,3,3,93,6,0,24,25
20240711004,박상원,한화,0,01,L,0,1,1,1,6,0,0,1,2
20240711004,한승혁,한화,0,02,L,1,2,0,0,17,1,0,3,5
20240711004,김규연,한화,0,10,L,2,1,0,0,20,0,0,3,4
20240711004,주현상,한화,0,20,L,2,0,0,0,26,2,0,7,7
20240711004,김서현,한화,0,01,L,0,1,1,1,11,2,0,3,4
20240712005,최원태,LG,1,50,L,0,3,3,3,82,5,0,20,24
20240712005,정우영,LG,0,10,L,1,0,0,0,15,1,0,4,4
20240712005,김진성,LG,0,01,L,0,0,3,3,20,3,0,4,4
20240712005,최동환,LG,0,02,L,0,0,0,0,15,1,0,3,3
20240712005,진우영,LG,0,10,L,0,0,0,0,14,1,0,4,4
20240712003,백정현,삼성,1,50,W,4,3,4,2,88,5,1,21,24
20240712003,최지광,삼성,0,10,H,2,1,0,0,19,1,0,3,5
20240712003,김재윤,삼성,0,20,H,2,0,1,1,19,1,0,6,7
20240712003,이승현,삼성,0,10,L,2,1,0,0,22,0,0,3,4
20240712010,고영표,KT,1,52,L,6,3,4,4,96,12,0,28,31
20240712010,성재헌,KT,0,01,L,1,0,0,0,5,0,0,1,1
20240712010,김민수,KT,0,10,L,1,0,0,0,12,0,0,3,3
20240712010,김민,KT,0,10,W,1,1,0,0,17,0,0,2,4
20240712010,박영현,KT,0,10,L,1,1,0,0,20,1,0,3,4
20240712008,김인범,키움,1,30,L,2,2,8,7,72,10,3,18,20
20240712008,김선기,키움,0,30,L,3,0,0,0,49,2,0,10,10
20240712008,김연주,키움,0,10,L,0,2,1,1,21,2,1,5,7
20240712008,김동욱,키움,0,10,L,2,0,0,0,14,0,0,3,3
20240712011,오원석,SSG,1,21,L,2,2,0,0,33,0,0,7,9
20240712011,최민준,SSG,0,12,L,0,2,5,5,33,5,2,9,11
20240712011,한두솔,SSG,0,20,W,2,0,1,1,26,1,1,7,7
20240712011,서진용,SSG,0,12,L,0,0,0,0,23,2,0,8,8
20240712011,백승건,SSG,0,11,L,1,1,0,0,26,0,0,4,5
20240713005,손주영,LG,1,60,W,3,1,0,0,99,5,0,23,24
20240713005,정우영,LG,0,02,L,0,1,0,0,7,0,0,2,3
20240713005,김진성,LG,0,01,L,0,0,0,0,4,0,0,1,1
20240713005,백승현,LG,0,01,L,0,0,2,2,13,3,1,4,4
20240713005,정지헌,LG,0,02,L,2,1,0,0,15,0,0,2,3
20240713005,유영찬,LG,0,10,L,0,2,1,1,18,2,0,5,7
20240713003,원태인,삼성,1,02,L,0,2,4,4,23,3,1,5,7
20240713003,최채흥,삼성,0,21,L,1,2,1,1,39,2,0,8,10
20240713003,황동재,삼성,0,20,L,3,1,1,1,49,5,0,11,12
20240713003,최지광,삼성,0,21,L,1,0,1,1,28,1,0,7,7
20240713003,이상민,삼성,0,00,L,0,1,1,1,5,0,0,0,1
20240713003,김대우,삼성,0,02,L,1,0,0,0,9,1,0,3,3
20240713010,엄상백,KT,1,71,W,6,2,3,3,87,3,0,23,26
20240713010,김민,KT,0,02,H,0,0,0,0,10,1,0,2,2
20240713010,박영현,KT,0,10,L,2,2,0,0,31,1,0,4,6
20240713008,김윤하,키움,1,42,L,2,2,6,6,71,8,0,21,23
20240713008,조영건,키움,0,11,L,1,1,3,3,31,4,1,8,9
20240713008,양지율,키움,0,10,L,0,1,0,0,13,1,0,4,5
20240713008,김동욱,키움,0,10,L,1,0,2,2,22,5,0,7,7
20240713011,송영진,SSG,1,42,L,3,1,4,0,85,5,0,20,21
20240713011,이로운,SSG,0,02,L,0,3,3,3,23,1,0,3,6
20240713011,조병현,SSG,0,02,L,0,1,2,2,30,3,1,4,6
20240713011,노경은,SSG,0,20,W,1,1,0,0,26,0,0,6,7
20240713011,문승원,SSG,0,10,L,1,0,0,0,11,1,0,4,4
20240714005,켈리,LG,1,60,W,6,2,2,1,100,8,0,24,26
20240714005,김진성,LG,0,10,H,1,0,0,0,9,0,0,3,3
20240714005,정지헌,LG,0,01,L,1,0,2,2,11,2,1,3,3
20240714005,최동환,LG,0,02,L,1,0,0,0,12,1,0,2,2
20240714005,유영찬,LG,0,10,L,1,1,0,0,19,1,0,3,4
20240714003,이승현,삼성,1,52,L,2,1,2,2,83,8,0,21,22
20240714003,이승현,삼성,0,11,W,2,0,0,0,18,0,0,4,4
20240714003,김재윤,삼성,0,10,H,1,0,0,0,11,0,0,3,3
20240714003,오승환,삼성,0,10,L,1,0,0,0,17,1,0,4,4
20240714011,엘리아스,SSG,1,60,L,4,2,3,3,87,5,0,23,26
20240714011,노경은,SSG,0,01,L,0,2,3,3,23,3,0,4,6
20240714011,이로운,SSG,0,02,L,0,1,0,0,11,0,0,2,3
20240714011,한두솔,SSG,0,01,L,0,2,2,2,18,0,0,1,3
20240714011,서진용,SSG,0,00,L,0,2,4,3,15,2,0,2,4
20240714011,백승건,SSG,0,02,L,0,0,1,0,15,2,0,5,5
20240716010,벤자민,KT,1,61,W,5,2,1,1,104,5,1,24,26
20240716010,김민,KT,0,10,H,1,0,2,2,19,3,0,5,5
20240716010,박영현,KT,0,12,L,4,0,0,0,21,0,0,5,5
20240716001,최원준,두산,1,50,L,1,3,0,0,85,3,0,16,19
20240716001,홍건희,두산,0,10,L,1,1,1,1,16,0,0,3,4
20240716001,이병헌,두산,0,01,L,0,1,2,2,11,1,0,1,3
20240716001,이영하,두산,0,00,L,0,0,0,0,3,1,0,1,1
20240716001,김명신,두산,0,02,L,0,0,0,0,12,1,0,3,3
20240716001,박치국,두산,0,02,L,0,0,1,1,13,3,1,4,4
20240716001,김호준,두산,0,01,L,0,0,0,0,1,0,0,1,1
20240717011,김광현,SSG,1,30,L,2,1,8,8,73,9,2,18,19
20240717011,김택형,SSG,0,20,L,0,3,3,3,35,2,1,7,10
20240717011,서진용,SSG,0,10,L,0,0,0,0,16,1,0,4,4
20240717011,이로운,SSG,0,10,L,0,0,0,0,17,0,0,3,3
20240717011,한두솔,SSG,0,10,L,1,2,1,1,23,1,0,2,6
20240717004,바리아,한화,1,40,L,2,0,5,2,85,8,0,20,21
20240717004,김규연,한화,0,10,L,1,0,0,0,10,0,0,3,3
20240717004,조동욱,한화,0,10,L,1,0,0,0,10,0,0,3,3
20240717004,김서현,한화,0,10,L,1,0,0,0,10,0,0,3,3
20240717004,황준서,한화,0,10,L,3,0,0,0,11,0,0,3,3
20240717003,레예스,삼성,1,30,L,0,3,4,4,72,5,1,11,16
20240717003,김무신,삼성,0,02,L,0,4,4,4,24,0,0,1,6
20240717003,황동재,삼성,0,20,L,3,0,1,1,33,3,1,8,8
20240717003,최채흥,삼성,0,11,L,1,0,1,1,26,3,0,6,8
20240717003,김대우,삼성,0,10,L,1,0,0,0,12,0,0,3,3
20240717010,쿠에바스,KT,1,60,W,5,4,1,0,107,3,0,21,25
20240717010,김민수,KT,0,12,L,2,0,1,1,25,3,1,7,7
20240717010,이상동,KT,0,01,L,0,0,0,0,6,1,0,2,2
20240717010,우규민,KT,0,10,L,0,0,0,0,7,1,0,4,4
20240717001,최준호,두산,1,60,L,5,2,0,0,91,1,0,19,21
20240717001,이병헌,두산,0,01,H,0,0,1,1,6,1,0,2,2
20240717001,홍건희,두산,0,02,H,0,0,0,0,9,0,0,2,2
20240717001,이교훈,두산,0,02,L,1,0,1,1,7,1,0,3,3
20240717001,김택연,두산,0,11,L,2,0,0,0,29,2,0,6,6
20240717001,김유성,두산,0,02,L,1,3,3,3,23,0,0,2,5
20240717001,김명신,두산,0,00,L,0,0,1,1,2,1,1,1,1
20240718004,류현진,한화,1,50,L,5,1,4,3,83,5,0,19,20
20240718004,박상원,한화,0,10,L,1,0,0,0,14,0,0,3,3
20240718004,이민우,한화,0,10,L,0,1,0,0,10,0,0,2,4
20240718004,한승혁,한화,0,10,L,1,0,0,0,16,1,0,3,4
20240718003,코너,삼성,1,20,L,3,1,3,3,51,5,1,11,12
20240718003,이상민,삼성,0,11,L,0,1,2,2,28,3,0,7,8
20240718003,최지광,삼성,0,02,L,1,0,0,0,9,0,0,2,2
20240718003,이승현,삼성,0,01,L,0,0,4,4,19,4,0,4,5
20240718003,최채흥,삼성,0,22,L,2,3,1,1,46,3,0,11,14
20240718003,김무신,삼성,0,10,L,0,0,0,0,12,1,0,3,3
20240718010,고영표,KT,1,50,L,2,2,5,5,93,11,0,24,27
20240718010,성재헌,KT,0,11,L,1,0,1,0,17,1,0,5,6
20240718010,이상동,KT,0,01,L,1,1,2,2,19,2,1,3,4
20240718010,박세진,KT,0,11,L,0,0,0,0,20,0,0,4,4
20240718010,김민,KT,0,02,L,1,1,0,0,16,1,0,2,4
20240718010,박영현,KT,0,11,W,1,0,0,0,17,2,0,6,6
20240718001,곽빈,두산,1,70,W,4,2,2,2,112,2,1,23,25
20240718001,이영하,두산,0,10,H,2,0,0,0,17,0,0,3,3
20240718001,김택연,두산,0,10,L,1,0,0,0,18,1,0,4,4
20240719006,김도현,KIA,1,50,W,4,0,1,0,68,2,0,16,16
20240719006,이준영,KIA,0,10,H,0,0,0,0,13,0,0,3,3
20240719006,장현식,KIA,0,10,L,1,1,2,2,19,1,1,4,5
20240719006,김대유,KIA,0,02,H,0,1,0,0,8,0,0,2,3
20240719006,전상현,KIA,0,11,L,0,2,0,0,22,0,0,4,6
20240719001,시라카와,두산,1,30,L,1,4,5,5,75,4,1,13,17
20240719001,이교훈,두산,0,21,L,1,1,2,2,42,4,0,10,11
20240719001,홍건희,두산,0,01,L,0,1,2,2,17,1,1,2,3
20240719001,김유성,두산,0,01,L,0,1,4,4,20,3,0,4,5
20240719001,김호준,두산,0,01,L,0,2,2,2,11,2,0,3,5
20240719001,박정수,두산,0,12,L,1,1,1,1,33,2,0,7,8
20240719008,김선기,키움,1,30,L,1,3,5,5,72,5,1,14,18
20240719008,이종민,키움,0,30,L,2,2,4,4,74,6,3,15,17
20240719008,김연주,키움,0,10,L,0,0,0,0,8,0,0,3,3
20240719008,이명종,키움,0,10,L,0,0,0,0,9,2,0,5,5
20240719002,김진욱,롯데,1,60,W,7,3,2,2,99,3,1,21,24
20240719002,김강현,롯데,0,00,L,0,0,1,1,7,1,1,1,1
20240719002,한현희,롯데,0,10,H,1,0,1,1,20,2,0,3,4
20240719002,진해수,롯데,0,00,L,0,0,0,0,1,1,0,1,1
20240719002,김상수,롯데,0,10,H,0,0,1,1,11,1,1,3,3
20240719002,구승민,롯데,0,10,L,0,1,1,1,17,1,0,3,5
20240719009,하트,NC,1,60,L,9,2,0,0,106,4,0,22,24
20240719009,임정호,NC,0,00,L,0,0,3,3,9,3,0,3,3
20240719009,류진욱,NC,0,00,L,0,0,3,2,12,4,0,4,4
20240719009,이준호,NC,0,20,L,0,0,0,0,23,0,0,6,6
20240720006,네일,KIA,1,60,W,5,2,1,1,96,6,1,23,25
20240720006,곽도규,KIA,0,10,L,2,0,0,0,22,1,0,4,4
20240720006,김승현,KIA,0,12,L,1,1,3,0,27,3,0,9,10
20240720006,이형범,KIA,0,01,L,1,0,0,0,3,0,0,1,1
20240720002,이인복,롯데,1,30,L,1,3,7,7,54,4,2,12,16
20240720002,박진,롯데,0,12,L,0,0,5,2,36,6,0,10,11
20240720002,진해수,롯데,0,11,L,0,2,5,4,45,7,2,10,12
20240720002,이민석,롯데,0,20,L,1,0,4,2,30,5,0,11,11
20240721006,황동하,KIA,1,32,L,4,3,3,3,68,4,0,15,18
20240721006,김대유,KIA,0,01,H,0,0,0,0,4,0,0,1,1
20240721006,임기영,KIA,0,10,L,1,2,2,2,24,0,0,3,5
20240721006,곽도규,KIA,0,01,L,0,1,2,2,11,2,1,2,4
20240721006,이형범,KIA,0,02,L,1,0,0,0,9,0,0,2,2
20240721006,김사윤,KIA,0,10,L,1,2,0,0,21,0,0,2,5
20240721006,이준영,KIA,0,02,L,1,0,0,0,8,1,0,2,3
20240721006,김승현,KIA,0,01,W,1,1,0,0,7,0,0,1,2
20240721006,전상현,KIA,0,10,L,2,1,0,0,20,0,0,3,4
20240721001,최원준,두산,1,50,L,2,1,3,3,70,6,1,19,20
20240721001,이영하,두산,0,01,L,1,2,3,3,22,2,0,3,5
20240721001,홍건희,두산,0,02,L,1,1,0,0,13,1,0,3,4
20240721001,이병헌,두산,0,10,L,0,0,0,0,8,0,0,3,3
20240721001,이교훈,두산,0,02,L,0,1,0,0,18,0,0,2,3
20240721001,김명신,두산,0,01,L,0,0,0,0,7,0,0,1,1
20240721008,후라도,키움,1,60,W,6,0,2,2,100,5,0,22,23
20240721008,양지율,키움,0,10,H,1,0,0,0,13,0,0,3,3
20240721008,김성민,키움,0,10,L,1,0,0,0,18,1,0,4,4
20240721008,주승우,키움,0,10,L,0,0,0,0,9,1,0,4,4
20240721002,반즈,롯데,1,62,L,9,1,3,3,107,9,1,28,29
20240721002,한현희,롯데,0,01,H,0,0,0,0,6,1,0,2,2
20240721002,김상수,롯데,0,01,H,1,1,1,1,13,2,0,3,4
20240721002,김원중,롯데,0,02,L,0,1,2,2,19,1,1,3,4
20240721009,김시훈,NC,1,60,W,4,4,2,2,83,6,0,22,26
20240721009,김영규,NC,0,20,H,4,1,0,0,28,1,0,7,8
20240721009,이용찬,NC,0,10,L,1,0,0,0,12,1,0,4,4
20240723003,레예스,삼성,1,62,L,5,3,4,4,105,9,1,26,30
20240723003,최지광,삼성,0,01,L,0,0,0,0,3,0,0,1,1
20240723003,김재윤,삼성,0,02,L,1,1,2,0,24,1,0,4,5
20240723003,오승환,삼성,0,01,L,0,0,0,0,3,1,0,2,2
20240723008,헤이수스,키움,1,52,L,3,3,5,5,100,9,1,23,27
20240723008,양지율,키움,0,11,L,0,0,1,1,26,2,0,6,6
20240723008,김성민,키움,0,10,L,0,0,0,0,15,1,0,4,4
20240723005,엔스,LG,1,60,L,7,2,0,0,92,4,0,21,23
20240723005,백승현,LG,0,00,L,0,1,0,0,11,1,0,1,2
20240723005,김유영,LG,0,10,H,0,0,0,0,9,0,0,2,2
20240723005,정우영,LG,0,02,L,0,0,1,1,9,1,0,2,3
20240723005,유영찬,LG,0,11,W,2,3,0,0,38,1,0,5,8
20240723009,카스타노,NC,1,41,L,3,3,6,6,92,7,0,19,23
20240723009,류진욱,NC,0,02,L,0,0,0,0,18,2,0,4,4
20240723009,배재환,NC,0,10,L,0,0,2,2,25,2,1,5,5
20240723009,최성영,NC,0,20,L,1,0,0,0,30,3,0,9,9
20240724003,코너,삼성,1,70,L,6,1,1,0,99,3,0,26,27
20240724003,황동재,삼성,0,02,L,1,0,1,1,19,3,0,5,5
20240724003,최지광,삼성,0,01,L,0,0,0,0,4,0,0,1,1
20240724003,오승환,삼성,0,02,L,0,1,1,1,13,2,0,3,4
20240724008,하영민,키움,1,52,L,4,5,3,3,104,6,1,21,26
20240724008,조영건,키움,0,10,L,1,2,4,4,33,2,0,5,7
20240724008,김동욱,키움,0,01,L,0,0,0,0,9,1,0,2,2
20240724008,김연주,키움,0,10,L,0,1,0,0,20,2,0,4,5
20240724011,김광현,SSG,1,60,L,4,2,1,1,89,5,0,20,24
20240724011,조병현,SSG,0,01,L,0,2,4,4,21,2,0,2,5
20240724011,노경은,SSG,0,02,L,1,0,0,0,13,1,0,3,3
20240724011,이로운,SSG,0,10,L,0,0,0,0,8,0,0,3,3
20240724009,신민혁,NC,1,12,L,0,3,5,0,42,0,0,7,10
20240724009,이준호,NC,0,31,L,2,2,2,2,74,6,1,15,17
20240725008,김윤하,키움,1,70,W,4,3,0,0,96,2,0,22,25
20240725008,김성민,키움,0,10,H,1,1,1,1,20,1,0,4,5
20240725008,주승우,키움,0,10,L,0,0,0,0,9,0,0,3,3
20240725005,최원태,LG,1,01,L,0,1,4,4,13,3,0,4,5
20240725005,이지강,LG,0,22,L,1,0,0,0,38,3,0,10,11
20240725005,김영준,LG,0,11,L,2,0,1,0,37,2,0,7,7
20240725005,임준형,LG,0,12,L,2,0,0,0,18,0,0,5,5
20240725005,김대현,LG,0,10,L,1,0,0,0,18,2,0,4,4
20240725005,김유영,LG,0,10,L,0,0,1,0,16,0,0,3,4
20240725005,유영찬,LG,0,10,L,2,0,0,0,12,1,0,4,4
20240725005,정우영,LG,0,10,W,0,1,0,0,24,1,0,4,5
20240725005,백승현,LG,0,10,L,1,1,0,0,18,0,0,3,4
20240725011,오원석,SSG,1,40,L,2,2,4,4,76,9,2,19,21
20240725011,서진용,SSG,0,10,L,0,0,0,0,5,0,0,2,2
20240725011,한두솔,SSG,0,10,L,2,0,0,0,17,0,0,3,3
20240725011,김택형,SSG,0,10,L,0,0,0,0,17,1,0,4,4
20240725011,이로운,SSG,0,10,L,2,1,0,0,21,1,0,4,5
20240725009,하트,NC,1,60,W,6,4,2,2,101,4,1,23,27
20240725009,김재열,NC,0,02,L,1,0,0,0,12,1,0,3,3
20240725009,김영규,NC,0,11,L,0,0,2,2,23,4,0,7,8
20240725009,이용찬,NC,0,10,L,1,1,0,0,15,1,0,4,5
20240726001,발라조빅,두산,1,60,L,11,1,4,4,96,4,1,22,23
20240726001,이교훈,두산,0,02,L,0,0,0,0,9,0,0,2,2
20240726001,박정수,두산,0,11,L,2,0,2,2,24,4,1,8,8
20240726010,엄상백,KT,1,70,W,9,0,1,1,90,2,1,24,24
20240726010,김민,KT,0,10,H,2,1,0,0,18,1,0,4,5
20240726010,박영현,KT,0,10,L,0,0,0,0,8,0,0,3,3
20240726002,박세웅,롯데,1,41,L,3,6,2,2,108,3,0,13,20
20240726002,한현희,롯데,0,12,L,1,1,0,0,20,1,0,5,6
20240726002,진해수,롯데,0,01,L,1,2,2,2,11,0,0,1,3
20240726002,구승민,롯데,0,02,L,0,1,0,0,15,1,0,3,4
20240726002,이민석,롯데,0,00,L,0,1,1,1,4,0,0,0,1
20240726002,최이준,롯데,0,10,L,2,0,4,4,19,4,2,6,7
20240726006,네일,KIA,1,50,L,6,2,5,2,99,8,0,24,26
20240726006,김대유,KIA,0,01,L,1,1,0,0,11,0,0,1,2
20240726006,최지민,KIA,0,02,L,1,1,0,0,16,1,0,3,4
20240726006,장현식,KIA,0,10,L,0,0,0,0,13,2,0,4,4
20240726006,이준영,KIA,0,10,L,1,0,0,0,9,0,0,3,3
20240727001,최원준,두산,1,60,L,5,0,1,1,77,2,1,20,20
20240727001,김강률,두산,0,01,H,0,0,1,1,4,1,0,2,2
20240727001,이병헌,두산,0,01,L,0,2,2,2,16,1,0,2,4
20240727001,홍건희,두산,0,11,L,3,0,0,0,21,1,0,4,4
20240727010,벤자민,KT,1,50,L,4,4,3,0,101,4,0,17,24
20240727010,성재헌,KT,0,02,L,1,0,0,0,11,2,0,4,4
20240727010,김민수,KT,0,11,L,1,0,0,0,14,0,0,4,4
20240727010,주권,KT,0,10,L,1,0,0,0,5,0,0,3,3
20240727002,반즈,롯데,1,70,W,8,1,2,2,102,5,1,25,26
20240727002,박진,롯데,0,10,L,1,0,0,0,12,1,0,4,4
20240727002,김강현,롯데,0,10,L,2,0,0,0,19,1,0,4,4
20240727006,황동하,KIA,1,50,L,4,2,1,1,69,4,1,17,19
20240727006,곽도규,KIA,0,10,H,1,0,0,0,12,0,0,3,3
20240727006,김대유,KIA,0,01,H,1,0,0,0,5,0,0,1,1
20240727006,임기영,KIA,0,02,H,0,0,0,0,6,0,0,2,2
20240727006,최지민,KIA,0,02,L,0,0,2,2,13,2,0,3,4
20240727006,전상현,KIA,0,10,L,1,4,3,3,44,3,0,6,10
20240728006,양현종,KIA,1,60,L,3,1,3,0,99,4,0,24,25
20240728006,곽도규,KIA,0,10,L,1,1,0,0,14,0,0,3,4
20240728006,이준영,KIA,0,02,L,1,0,0,0,17,1,0,3,3
20240728006,임기영,KIA,0,11,W,2,0,0,0,16,0,0,4,4
20240728004,와이스,한화,1,10,L,0,2,3,3,30,2,1,6,8
20240728004,박상원,한화,0,10,W,1,0,0,0,14,0,0,2,3
20240728004,김서현,한화,0,10,H,1,1,0,0,19,1,0,3,4
20240728004,황준서,한화,0,10,H,1,1,0,0,21,1,0,4,5
20240728004,김규연,한화,0,11,H,0,1,2,2,27,3,1,6,7
20240728004,이민우,한화,0,11,H,0,3,0,0,26,0,0,3,6
20240728004,한승혁,한화,0,10,H,0,3,1,1,28,1,0,3,6
20240728004,주현상,한화,0,11,L,1,0,0,0,20,1,0,5,5
20240728001,최준호,두산,1,50,L,5,2,1,1,93,3,0,18,20
20240728001,김강률,두산,0,10,L,1,1,0,0,18,1,0,3,4
20240728001,김명신,두산,0,00,L,0,0,2,2,7,3,1,3,3
20240728001,이교훈,두산,0,01,L,0,1,0,0,7,0,0,0,2
20240728001,박치국,두산,0,11,L,1,0,0,0,9,1,0,3,3
20240728001,최승용,두산,0,01,L,0,0,0,0,4,1,0,2,2
20240728010,조이현,KT,1,42,L,3,0,3,2,76,6,2,20,20
20240728010,우규민,KT,0,11,L,0,0,0,0,16,1,0,5,5
20240728010,주권,KT,0,10,L,0,0,0,0,22,1,0,4,4
20240728010,김민,KT,0,10,W,3,0,0,0,14,0,0,4,4
20240728010,박영현,KT,0,10,L,0,1,0,0,18,1,0,3,4
20240728002,윌커슨,롯데,1,60,L,6,1,4,4,110,8,1,27,28
20240728002,한현희,롯데,0,01,H,0,1,1,1,18,2,0,3,4
20240728002,구승민,롯데,0,11,L,4,2,1,1,32,0,0,4,6
20240728002,김원중,롯데,0,11,W,2,1,0,0,29,1,0,5,6
20240728002,김강현,롯데,0,00,L,0,1,0,0,6,0,0,0,1
20240728002,진해수,롯데,0,00,L,0,0,0,0,3,1,0,1,1
20240728002,박진,롯데,0,10,L,1,0,0,0,9,0,0,3,3
20240730003,코너,삼성,1,80,W,4,0,1,1,103,6,0,29,29
20240730003,황동재,삼성,0,10,L,1,0,0,0,12,0,0,3,3
20240730002,윤성빈,롯데,1,10,L,1,2,5,5,35,4,1,7,9
20240730002,최이준,롯데,0,12,L,0,0,1,1,24,3,0,8,8
20240730002,김강현,롯데,0,20,L,3,2,2,1,49,1,0,8,10
20240730002,진해수,롯데,0,00,L,0,1,1,1,6,0,0,0,1
20240730002,정우준,롯데,0,21,L,2,3,1,1,52,4,1,11,14
20240730002,박진,롯데,0,10,L,0,1,1,1,11,1,1,4,5
20240730004,바리아,한화,1,52,W,3,0,4,4,85,8,1,23,24
20240730004,박상원,한화,0,11,H,1,1,0,0,25,1,0,5,6
20240730004,한승혁,한화,0,10,H,2,0,0,0,13,0,0,3,3
20240730004,주현상,한화,0,10,L,3,0,0,0,18,0,0,3,3
20240730001,곽빈,두산,1,60,W,6,4,2,2,91,3,1,20,24
20240730001,박치국,두산,0,00,L,0,1,3,3,15,2,0,2,3
20240730001,최승용,두산,0,00,L,0,0,1,0,12,2,0,3,3
20240730001,김강률,두산,0,12,L,0,1,1,1,27,1,0,4,6
20240730001,이병헌,두산,0,01,L,0,0,0,0,4,0,0,1,1
20240730001,김택연,두산,0,10,L,0,0,0,0,11,2,0,5,5
20240730009,이용준,NC,1,31,L,4,2,5,3,70,5,1,16,18
20240730009,임정호,NC,0,02,L,1,0,0,0,15,1,0,3,3
20240730009,송명기,NC,0,20,L,1,0,0,0,20,1,0,6,6
20240730009,류진욱,NC,0,02,L,0,2,1,1,19,0,0,1,4
20240730009,이준호,NC,0,11,L,1,2,0,0,36,0,0,5,7
20240731003,이승현,삼성,1,41,L,2,4,6,6,96,7,1,19,24
20240731003,최채흥,삼성,0,12,L,1,3,1,1,42,3,0,7,10
20240731003,이재익,삼성,0,20,L,0,0,4,4,39,7,0,13,13
20240731002,김진욱,롯데,1,40,L,4,2,5,4,91,5,0,18,20
20240731002,한현희,롯데,0,20,L,1,0,0,0,27,2,0,7,7
20240731002,진해수,롯데,0,02,L,0,0,0,0,3,0,0,2,2
20240731002,구승민,롯데,0,11,L,1,0,0,0,15,0,0,4,4
20240731002,김원중,롯데,0,02,L,0,1,5,5,35,4,1,5,7
20240731002,박진,롯데,0,11,L,3,0,0,0,21,1,0,5,5
20240731002,송재영,롯데,0,02,L,2,0,0,0,8,0,0,2,2
20240731002,김도규,롯데,0,01,L,0,2,1,1,11,0,0,1,3
20240731002,현도훈,롯데,0,02,L,0,0,1,1,7,1,1,2,2
20240731004,류현진,한화,1,50,W,3,1,6,5,111,12,1,28,29
20240731004,박상원,한화,0,10,L,1,0,0,0,13,1,0,4,4
20240731004,이민우,한화,0,02,L,1,1,1,1,19,1,0,3,4
20240731004,김서현,한화,0,11,H,2,0,0,0,17,0,0,4,4
20240731004,조동욱,한화,0,10,L,0,0,0,0,10,0,0,3,3
20240731001,시라카와,두산,1,50,W,3,4,3,3,98,6,0,20,25
20240731001,이교훈,두산,0,10,L,1,0,0,0,10,1,0,3,3
20240731001,최승용,두산,0,12,L,0,0,3,3,29,4,1,10,10
20240731001,권휘,두산,0,11,L,2,1,0,0,18,0,0,4,5
20240731009,하트,NC,1,70,W,9,0,0,0,81,3,0,24,24
20240731009,한재승,NC,0,20,L,0,1,0,0,24,1,0,6,7
20240702004,와이스,한화,1,60,L,5,2,3,3,97,5,1,22,24
20240702004,한승혁,한화,0,10,L,1,0,0,0,23,2,0,5,5
20240702004,이민우,한화,0,10,L,1,0,0,0,16,1,0,4,4
20240702004,주현상,한화,0,20,L,0,0,0,0,22,0,0,6,6
20240702004,박상원,한화,0,01,L,0,0,3,3,17,4,0,5,5
20240702004,조동욱,한화,0,02,L,1,0,0,0,11,1,0,3,3
20240702003,코너,삼성,1,70,L,3,2,1,1,96,6,1,26,28
20240702003,임창민,삼성,0,10,H,0,0,2,2,22,3,1,6,6
20240702003,오승환,삼성,0,10,L,0,1,1,1,21,2,0,5,6
20240702003,김재윤,삼성,0,01,L,0,0,4,3,19,3,1,4,5
20240702003,최채흥,삼성,0,02,L,0,0,1,1,13,2,0,4,4
20240702008,후라도,키움,1,70,L,5,0,2,2,100,7,1,26,26
20240702008,주승우,키움,0,10,W,0,0,0,0,11,0,0,4,4
20240702008,조상우,키움,0,10,L,0,1,0,0,15,1,0,3,4
20240703004,류현진,한화,1,70,L,8,0,2,2,104,7,1,27,28
20240703004,이민우,한화,0,00,L,0,0,1,1,13,3,0,3,3
20240703004,김서현,한화,0,10,L,0,1,0,0,8,0,0,1,3
20240703004,김규연,한화,0,10,L,1,0,0,0,18,0,0,3,3
20240703001,알칸타라,두산,1,20,L,3,3,6,6,61,4,1,10,13
20240703001,김민규,두산,0,11,L,3,2,0,0,35,2,0,6,8
20240703001,이영하,두산,0,12,L,2,1,0,0,20,0,0,5,6
20240703001,김강률,두산,0,00,L,0,0,1,0,7,2,0,2,2
20240703001,박치국,두산,0,01,H,1,0,0,0,4,0,0,1,1
20240703001,이병헌,두산,0,01,H,1,1,0,0,9,0,0,1,2
20240703001,최지강,두산,0,12,W,1,2,1,1,34,2,0,6,8
20240703001,김택연,두산,0,12,L,1,1,0,0,30,2,0,7,8
20240703003,이승현,삼성,1,60,L,4,3,3,3,95,8,2,23,27
20240703003,양현,삼성,0,02,L,0,0,1,1,15,1,0,3,3
20240703003,최성훈,삼성,0,00,L,0,0,1,1,3,1,0,1,1
20240703003,최지광,삼성,0,11,L,1,1,1,1,30,3,0,7,8
20240703003,이상민,삼성,0,10,L,1,0,0,0,12,1,0,4,4
20240703009,카스타노,NC,1,60,W,7,3,1,1,106,5,0,22,25
20240703009,김영규,NC,0,12,H,2,0,0,0,21,1,0,6,6
20240703009,김재열,NC,0,01,H,0,0,0,0,3,0,0,1,1
20240703009,이용찬,NC,0,10,L,0,0,0,0,9,1,0,4,4
20240703008,헤이수스,키움,1,60,W,8,2,0,0,91,4,0,21,23
20240703008,주승우,키움,0,01,L,0,0,1,1,9,3,0,4,4
20240703008,김성민,키움,0,12,H,1,0,0,0,20,0,0,5,5
20240703008,조상우,키움,0,10,L,1,0,0,0,12,1,0,4,4
20240704004,바리아,한화,1,30,L,4,1,5,5,69,6,0,13,15
20240704004,김기중,한화,0,20,W,0,1,0,0,36,1,0,6,7
20240704004,한승혁,한화,0,10,H,2,0,0,0,15,1,0,4,4
20240704004,황준서,한화,0,10,L,2,1,0,0,18,0,0,3,4
20240704004,김규연,한화,0,10,L,1,0,0,0,13,0,0,3,3
20240704004,조동욱,한화,0,10,L,1,0,0,0,21,1,0,4,4
20240704001,곽빈,두산,1,60,W,5,5,0,0,97,2,0,20,25
20240704001,이영하,두산,0,10,L,2,0,0,0,10,0,0,3,3
20240704001,박치국,두산,0,02,L,2,2,0,0,15,0,0,2,4
20240704001,이병헌,두산,0,01,L,0,0,0,0,1,0,0,1,1
20240704001,김유성,두산,0,01,L,2,1,3,0,21,1,0,4,5
20240704001,김택연,두산,0,02,L,2,1,0,0,23,1,0,3,4
20240704003,백정현,삼성,1,60,L,8,1,2,2,98,6,1,24,25
20240704003,김재윤,삼성,0,02,H,1,0,0,0,12,1,0,3,3
20240704003,임창민,삼성,0,11,L,2,1,1,1,27,2,0,6,7
20240704003,오승환,삼성,0,02,L,1,1,5,5,21,5,1,7,8
20240704003,이상민,삼성,0,01,L,0,0,0,0,4,0,0,1,1
20240704009,하트,NC,1,70,L,7,1,0,0,92,3,0,23,25
20240704009,김영규,NC,0,10,L,0,0,0,0,9,0,0,3,3
20240704009,이용찬,NC,0,10,L,1,1,0,0,14,1,0,4,5
20240704009,임정호,NC,0,02,L,0,0,0,0,11,2,0,3,3
20240704009,김재열,NC,0,12,L,2,0,0,0,19,1,0,5,6
20240704009,신민혁,NC,0,02,W,1,0,0,0,8,0,0,2,2
20240704008,하영민,키움,1,70,L,6,2,3,3,93,6,0,24,29
20240704008,조영건,키움,0,10,L,2,1,0,0,19,0,0,3,4
20240704008,조상우,키움,0,10,L,1,1,0,0,35,2,0,5,6
20240709005,켈리,LG,1,50,L,1,1,5,5,81,9,0,24,26
20240709005,김영준,LG,0,01,L,0,1,3,3,12,2,0,3,4
20240709005,이상영,LG,0,02,L,0,0,1,1,9,1,1,3,3
20240709005,김진수,LG,0,10,L,0,0,0,0,18,2,0,4,4
20240709005,이지강,LG,0,01,L,0,1,2,2,22,2,0,3,4
20240709005,최동환,LG,0,02,L,1,1,0,0,11,0,0,2,3
20240709005,진우영,LG,0,10,L,2,0,0,0,17,1,0,4,4
20240709011,엘리아스,SSG,1,50,L,4,3,2,2,92,4,1,18,21
20240709011,노경은,SSG,0,20,H,1,0,0,0,27,1,0,6,6
20240709011,조병현,SSG,0,02,L,0,1,2,2,26,2,0,4,5
20240709011,문승원,SSG,0,11,W,1,0,0,0,23,1,0,5,5
20240709008,후라도,키움,1,70,L,8,1,3,3,98,8,2,26,28
20240709008,김성민,키움,0,10,W,1,0,0,0,16,0,0,3,3
20240709008,조상우,키움,0,10,L,1,0,0,0,16,2,0,4,4
20240710005,엔스,LG,1,71,L,6,1,0,0,97,2,0,22,24
20240710005,김진성,LG,0,02,H,1,0,0,0,10,0,0,2,2
20240710005,유영찬,LG,0,10,L,0,0,2,2,21,3,0,6,6
20240710005,백승현,LG,0,02,L,0,2,3,2,21,1,0,2,5
20240710005,정우영,LG,0,01,L,0,0,0,0,8,1,0,2,2
20240710011,김광현,SSG,1,60,L,6,1,4,3,98,8,0,25,27
20240710011,서진용,SSG,0,10,L,0,0,1,0,13,1,0,4,4
20240710011,한두솔,SSG,0,10,L,1,1,0,0,16,0,0,3,4
20240710011,백승건,SSG,0,10,L,1,1,1,1,18,1,1,4,5
20240710003,레예스,삼성,1,61,W,5,0,6,5,98,10,2,30,30
20240710003,황동재,삼성,0,22,L,2,0,0,0,29,0,0,8,8
20240710010,벤자민,KT,1,50,L,8,2,3,3,88,6,1,21,23
20240710010,박시영,KT,0,10,H,0,0,0,0,17,1,0,4,4
20240710010,김민,KT,0,10,L,1,0,3,3,29,4,0,7,7
20240710010,김민수,KT,0,02,L,0,1,0,0,15,0,0,2,3
20240710010,박영현,KT,0,11,L,1,0,0,0,18,0,0,4,4
20240710010,우규민,KT,0,10,W,2,0,0,0,14,0,0,3,3
20240710008,헤이수스,키움,1,60,L,5,1,2,2,94,5,0,21,22
20240710008,주승우,키움,0,02,L,1,2,3,3,20,3,0,5,7
20240710008,조영건,키움,0,01,L,0,1,0,0,8,0,0,1,2
20240710008,문성현,키움,0,01,L,0,2,2,2,17,2,1,3,5
20240710008,양지율,키움,0,12,L,0,0,0,0,15,1,0,5,5
20240711005,임찬규,LG,1,60,L,6,0,3,3,92,6,0,23,25
20240711005,김영준,LG,0,10,L,0,1,0,0,10,0,0,2,3
20240711005,이상영,LG,0,10,L,0,1,1,1,29,1,0,4,5
20240711005,정지헌,LG,0,10,L,0,0,0,0,13,1,0,4,4
20240711011,앤더슨,SSG,1,62,W,10,2,2,0,101,2,0,22,24
20240711011,노경은,SSG,0,11,H,1,0,0,0,18,1,0,5,5
20240711011,문승원,SSG,0,01,L,0,1,2,2,16,3,1,4,5
20240711011,조병현,SSG,0,02,L,1,0,0,0,8,0,0,2,2
20240711003,코너,삼성,1,51,W,9,2,4,4,90,3,3,19,21
20240711003,이승현,삼성,0,02,H,0,0,0,0,9,1,0,3,3
20240711003,김재윤,삼성,0,02,H,1,1,0,0,13,0,0,2,3
20240711003,이상민,삼성,0,01,H,0,0,0,0,3,0,0,1,1
20240711003,임창민,삼성,0,10,H,1,0,0,0,21,2,0,5,5
20240711003,오승환,삼성,0,10,L,0,0,0,0,14,0,0,3,3
20240711010,쿠에바스,KT,1,50,L,3,3,5,5,86,8,2,23,26
20240711010,주권,KT,0,12,L,1,0,1,1,29,2,0,6,6
20240711010,한차현,KT,0,01,L,1,2,1,1,28,2,0,3,5
20240711010,문용익,KT,0,20,L,2,8,5,2,69,1,0,8,16
20240711008,하영민,키움,1,60,L,5,2,4,4,97,6,0,24,26
20240711008,주승우,키움,0,10,L,0,0,0,0,10,1,0,3,3
20240711008,김성민,키움,0,10,L,0,0,0,0,11,0,0,3,3
20240711008,조상우,키움,0,20,L,4,0,0,0,19,0,0,6,6
20240711008,조영건,키움,0,10,W,1,0,0,0,15,1,0,4,4
20240712004,문동주,한화,1,70,W,5,3,0,0,101,8,0,23,26
20240712004,이민우,한화,0,10,L,2,0,0,0,19,0,0,3,3
20240712004,조동욱,한화,0,10,L,1,0,0,0,16,0,0,3,3
20240712001,곽빈,두산,1,31,L,2,4,6,5,77,5,1,13,18
20240712001,이병헌,두산,0,12,L,1,0,0,0,21,0,0,4,5
20240712001,이영하,두산,0,10,L,3,1,0,0,20,0,0,4,5
20240712001,홍건희,두산,0,10,L,1,1,0,0,16,0,0,3,4
20240712001,김명신,두산,0,01,L,1,1,1,1,18,0,0,1,2
20240712001,박치국,두산,0,12,L,1,0,2,2,27,3,1,8,8
20240712002,박세웅,롯데,1,61,L,3,3,4,3,101,4,0,24,27
20240712002,구승민,롯데,0,02,L,0,0,0,0,18,1,0,3,3
20240712002,진해수,롯데,0,02,L,0,0,0,0,9,0,0,2,2
20240712002,김상수,롯데,0,11,L,2,1,1,0,20,1,0,5,7
20240712009,하트,NC,1,70,W,8,2,0,0,96,2,0,23,25
20240712009,송명기,NC,0,10,L,1,1,2,2,23,2,1,5,6
20240712009,최성영,NC,0,01,L,0,0,0,0,1,0,0,1,1
20240712009,배재환,NC,0,02,L,0,0,0,0,7,1,0,2,2
20240712006,황동하,KIA,1,21,L,3,3,8,5,73,5,0,13,16
20240712006,김사윤,KIA,0,12,L,2,3,5,5,50,4,0,9,12
20240712006,김도현,KIA,0,30,L,0,1,1,1,35,1,0,10,11
20240712006,이형범,KIA,0,20,L,0,0,0,0,31,3,0,8,8
20240713004,김기중,한화,1,12,L,2,0,3,3,36,5,1,9,10
20240713004,박상원,한화,0,31,L,1,0,0,0,32,0,0,10,10
20240713004,김규연,한화,0,10,L,0,1,2,2,18,1,1,4,5
20240713004,황준서,한화,0,10,L,1,1,2,2,27,2,0,5,6
20240713004,김서현,한화,0,20,L,3,1,0,0,28,1,0,7,8
20240713001,시라카와,두산,1,32,L,3,6,4,2,83,3,0,14,20
20240713001,이영하,두산,0,11,W,3,1,0,0,32,1,0,5,6
20240713001,홍건희,두산,0,02,H,1,2,0,0,18,0,0,1,3
20240713001,이병헌,두산,0,11,H,1,0,0,0,22,0,0,4,4
20240713001,최지강,두산,0,10,H,0,0,0,0,17,1,0,4,4
20240713001,김택연,두산,0,10,L,1,0,0,0,14,1,0,4,4
20240713002,김진욱,롯데,1,51,L,6,1,1,1,90,5,1,19,20
20240713002,이민석,롯데,0,02,H,0,0,0,0,7,0,0,2,2
20240713002,구승민,롯데,0,01,L,0,0,2,1,6,1,0,3,3
20240713002,진해수,롯데,0,02,L,1,0,1,1,11,2,1,4,4
20240713002,박진,롯데,0,10,L,0,1,0,0,18,0,0,2,4
20240713002,임준섭,롯데,0,00,L,0,0,1,0,4,1,0,1,1
20240713002,김상수,롯데,0,01,L,0,2,1,0,6,0,0,1,4
20240713002,김강현,롯데,0,02,L,1,0,0,0,7,0,0,2,2
20240713009,이재학,NC,1,50,W,4,2,1,1,82,6,0,19,22
20240713009,임정호,NC,0,10,L,0,0,0,0,15,0,0,3,3
20240713009,이준호,NC,0,12,L,2,2,3,3,46,3,0,8,10
20240713009,김재열,NC,0,01,L,0,0,0,0,7,1,0,2,2
20240713009,이용찬,NC,0,10,L,0,0,1,1,18,3,1,6,6
20240713006,윤영철,KIA,1,20,L,1,0,0,0,27,1,0,7,7
20240713006,임기영,KIA,0,20,L,3,0,3,3,43,4,2,11,11
20240713006,곽도규,KIA,0,10,L,1,1,4,4,32,4,0,7,8
20240713006,이준영,KIA,0,10,L,0,0,0,0,5,1,0,3,3
20240713006,장현식,KIA,0,01,L,0,1,5,5,22,3,0,4,6
20240713006,김대유,KIA,0,11,L,1,1,0,0,23,1,0,4,6
20240713006,이형범,KIA,0,11,L,0,0,3,0,27,4,0,9,9
20240714004,와이스,한화,1,61,L,7,2,5,5,97,9,0,27,30
20240714004,이민우,한화,0,02,L,0,0,0,0,11,1,0,1,2
20240714004,한승혁,한화,0,02,L,0,3,3,3,25,0,0,2,5
20240714004,조동욱,한화,0,01,L,0,0,0,0,16,2,0,3,3
20240714004,주현상,한화,0,10,L,0,0,0,0,12,0,0,3,3
20240714001,발라조빅,두산,1,42,L,6,4,1,1,93,1,0,14,18
20240714001,이교훈,두산,0,11,L,2,1,1,1,35,2,0,7,8
20240714001,이영하,두산,0,02,L,0,1,3,3,15,2,1,3,5
20240714001,김유성,두산,0,11,L,3,0,0,0,20,0,0,4,4
20240714001,박정수,두산,0,10,L,2,4,1,1,32,0,0,3,7
20240714006,네일,KIA,1,52,L,3,4,3,3,105,7,0,21,25
20240714006,이준영,KIA,0,01,L,0,2,1,1,16,1,0,2,4
20240714006,장현식,KIA,0,11,W,3,0,0,0,24,3,0,7,7
20240714006,김대유,KIA,0,02,H,1,0,0,0,7,0,0,2,2
20240714006,김도현,KIA,0,10,L,1,0,0,0,11,0,0,3,3
20240716008,후라도,키움,1,60,L,6,3,3,3,102,6,0,21,26
20240716008,조영건,키움,0,10,L,2,0,1,1,16,1,1,4,4
20240716008,양지율,키움,0,10,L,0,1,0,0,15,0,0,3,4
20240716008,주승우,키움,0,10,L,0,2,0,0,10,1,0,3,6
20240716002,반즈,롯데,1,70,W,9,1,0,0,87,1,0,22,23
20240716002,구승민,롯데,0,10,H,1,1,0,0,24,0,0,3,4
20240716002,김원중,롯데,0,10,L,1,0,0,0,10,1,0,4,4
20240717005,엔스,LG,1,60,W,5,3,1,1,86,4,0,20,23
20240717005,임준형,LG,0,00,L,0,1,3,3,10,2,0,2,3
20240717005,최동환,LG,0,00,L,0,0,4,4,9,4,1,4,4
20240717005,정지헌,LG,0,00,L,0,1,0,0,7,0,0,0,1
20240717005,김진성,LG,0,10,H,0,1,0,0,15,0,0,2,4
20240717005,정우영,LG,0,10,H,0,0,0,0,8,1,0,3,3
20240717005,유영찬,LG,0,10,L,0,1,1,0,22,2,0,5,6
20240717009,카스타노,NC,1,80,W,2,1,1,1,99,8,1,29,30
20240717009,이용찬,NC,0,10,L,0,0,0,0,13,1,0,4,4
20240717006,양현종,KIA,1,42,L,4,3,5,5,87,7,0,20,23
20240717006,김대유,KIA,0,01,H,1,0,0,0,6,0,0,1,1
20240717006,이형범,KIA,0,02,L,0,1,0,0,18,1,0,3,4
20240717006,임기영,KIA,0,11,W,1,1,0,0,15,0,0,3,4
20240717006,곽도규,KIA,0,10,L,1,1,0,0,23,0,0,3,4
20240717006,전상현,KIA,0,10,L,0,0,0,0,11,1,0,4,4
20240717008,헤이수스,키움,1,41,L,6,1,5,4,100,7,1,21,22
20240717008,김동혁,키움,0,12,L,1,1,4,4,45,4,1,8,9
20240717008,문성현,키움,0,10,L,2,1,0,0,16,0,0,3,4
20240717008,김동욱,키움,0,10,L,2,0,0,0,13,0,0,3,3
20240717008,김연주,키움,0,10,L,2,0,0,0,12,0,0,3,3
20240717002,윌커슨,롯데,1,60,L,5,0,2,2,95,8,0,28,28
20240717002,이민석,롯데,0,00,L,0,2,0,0,7,0,0,0,2
20240717002,한현희,롯데,0,12,L,3,2,0,0,29,0,0,4,6
20240717002,진해수,롯데,0,00,L,0,1,0,0,5,0,0,0,1
20240717002,김강현,롯데,0,01,L,0,0,0,0,2,0,0,1,1
20240717002,김원중,롯데,0,11,L,3,0,0,0,39,3,0,7,7
20240717002,김상수,롯데,0,02,W,1,2,0,0,18,0,0,2,4
20240718009,신민혁,NC,1,50,W,1,0,2,2,93,9,1,25,25
20240718009,임정호,NC,0,10,H,1,0,0,0,13,0,0,3,3
20240718009,김재열,NC,0,10,H,0,1,1,1,25,2,0,4,5
20240718009,김영규,NC,0,10,H,1,0,0,0,14,0,0,3,3
20240718009,이용찬,NC,0,10,L,0,2,0,0,23,1,0,3,5
20240718006,알드레드,KIA,1,30,L,4,4,3,3,56,3,1,11,15
20240718006,이준영,KIA,0,10,W,1,0,0,0,14,0,0,3,3
20240718006,이형범,KIA,0,01,H,0,0,0,0,5,1,0,2,2
20240718006,곽도규,KIA,0,01,H,0,0,0,0,3,0,0,1,1
20240718006,임기영,KIA,0,11,H,1,0,0,0,17,1,0,5,5
20240718006,김승현,KIA,0,11,L,0,0,1,1,25,3,1,6,6
20240718006,김사윤,KIA,0,12,L,3,0,0,0,23,1,0,6,6
20240718008,하영민,키움,1,60,L,4,2,0,0,91,3,0,20,22
20240718008,양지율,키움,0,10,L,0,0,0,0,15,1,0,4,4
20240718008,조영건,키움,0,01,L,0,2,3,3,21,1,0,2,4
20240718008,주승우,키움,0,02,L,0,2,0,0,19,1,0,2,5
20240718008,김성민,키움,0,10,L,2,2,5,5,29,3,1,6,8
20240718008,김동욱,키움,0,01,L,0,1,3,3,14,2,1,3,4
20240718008,문성현,키움,0,02,L,1,2,1,1,27,1,0,2,5
20240718002,박세웅,롯데,1,80,L,9,0,3,3,103,4,1,27,27
20240718002,김강현,롯데,0,10,L,1,0,0,0,10,0,0,3,3
20240719004,문동주,한화,1,50,L,5,0,4,4,91,8,1,22,22
20240719004,김규연,한화,0,10,L,0,0,0,0,15,1,0,4,4
20240719004,황준서,한화,0,02,L,1,1,1,1,21,2,0,4,5
20240719004,김서현,한화,0,11,L,1,0,0,0,18,0,0,4,4
20240719004,조동욱,한화,0,10,L,2,1,2,2,29,2,1,5,6
20240719005,임찬규,LG,1,60,W,5,1,5,5,93,7,2,24,25
20240719005,김유영,LG,0,10,L,1,1,0,0,16,0,0,2,3
20240719005,백승현,LG,0,10,L,0,0,0,0,7,0,0,3,3
20240719005,진우영,LG,0,10,L,0,0,2,2,15,2,1,4,5
20240719011,앤더슨,SSG,1,60,W,11,2,3,3,90,2,1,20,22
20240719011,노경은,SSG,0,10,L,1,0,0,0,11,0,0,3,3
20240719011,한두솔,SSG,0,10,L,1,0,0,0,10,1,0,3,3
20240719011,오원석,SSG,0,10,L,0,1,0,0,10,0,0,2,3
20240719003,백정현,삼성,1,50,L,4,0,3,3,84,6,0,21,21
20240719003,이승현,삼성,0,10,L,2,0,1,1,19,2,0,4,4
20240719003,김재윤,삼성,0,10,L,1,0,1,0,15,1,0,4,5
20240719003,임창민,삼성,0,02,L,0,2,2,2,26,3,0,4,7
20240719003,이상민,삼성,0,01,L,0,0,0,0,4,0,0,1,1
20240719003,오승환,삼성,0,01,L,0,0,2,2,12,2,1,3,3
20240719003,김대우,삼성,0,02,L,1,1,1,1,15,1,1,3,4
20240719010,엄상백,KT,1,60,L,8,3,0,0,94,1,0,19,22
20240719010,우규민,KT,0,10,W,0,0,0,0,15,1,0,3,4
20240719010,성재헌,KT,0,10,L,0,0,0,0,14,0,0,4,4
20240719010,박시영,KT,0,10,L,1,0,0,0,11,0,0,3,3
20240720004,김기중,한화,1,20,L,1,3,4,3,45,5,2,11,14
20240720004,박상원,한화,0,20,L,2,1,3,3,32,3,1,9,10
20240720004,김규연,한화,0,20,L,3,1,0,0,37,2,0,8,9
20240720004,황준서,한화,0,10,L,3,0,0,0,19,2,0,5,5
20240720004,조동욱,한화,0,11,L,0,0,1,1,30,4,0,8,8
20240720004,주현상,한화,0,02,L,0,0,0,0,6,0,0,2,2
20240720003,원태인,삼성,1,60,W,2,2,4,4,105,7,1,25,27
20240720003,이상민,삼성,0,30,L,0,1,0,0,29,4,0,11,12
20240721004,와이스,한화,1,60,L,7,4,5,3,106,7,1,23,30
20240721004,한승혁,한화,0,10,H,2,0,0,0,15,0,0,3,3
20240721004,이민우,한화,0,10,H,0,0,0,0,9,0,0,3,3
20240721004,주현상,한화,0,02,L,1,1,3,3,30,3,1,5,6
20240721004,김서현,한화,0,01,L,0,0,0,0,7,1,0,2,2
20240721005,손주영,LG,1,70,W,5,1,3,2,87,6,0,25,26
20240721005,김진성,LG,0,02,L,1,0,0,0,14,1,0,4,4
20240721005,유영찬,LG,0,11,L,3,0,0,0,17,0,0,4,4
20240721011,송영진,SSG,1,50,L,2,2,3,3,54,2,0,15,19
20240721011,엘리아스,SSG,0,21,L,2,2,3,3,27,2,1,7,10
20240721011,조병현,SSG,0,02,L,2,0,0,0,14,0,0,2,2
20240721011,문승원,SSG,0,10,L,1,0,1,1,15,1,1,4,4
20240721003,이승현,삼성,1,32,L,4,5,4,4,85,5,1,15,20
20240721003,황동재,삼성,0,12,L,1,2,0,0,31,0,0,5,7
20240721003,최지광,삼성,0,11,L,1,0,0,0,20,1,0,5,5
20240721003,김재윤,삼성,0,10,L,0,2,1,0,21,0,0,3,5
20240721003,오승환,삼성,0,11,W,0,1,0,0,19,1,0,6,7
20240721010,벤자민,KT,1,41,L,5,1,5,4,86,6,2,19,22
20240721010,우규민,KT,0,12,L,1,0,0,0,17,0,0,5,5
20240721010,김민수,KT,0,10,L,0,0,0,0,10,1,0,3,3
20240721010,박시영,KT,0,10,L,0,0,1,1,21,2,1,5,5
20240721010,주권,KT,0,02,L,0,1,2,2,23,3,0,4,5
20240721010,박세진,KT,0,01,L,1,0,0,0,6,0,0,1,1
20240723004,바리아,한화,1,40,L,7,1,3,3,89,7,1,18,19
20240723004,박상원,한화,0,20,L,2,0,0,0,18,0,0,6,6
20240723004,이민우,한화,0,10,H,1,0,0,0,17,1,0,4,4
20240723004,한승혁,한화,0,10,W,0,1,2,0,19,1,0,5,6
20240723004,주현상,한화,0,10,L,1,1,0,0,19,0,0,2,4
20240723001,최준호,두산,1,50,W,6,2,3,3,89,3,0,17,19
20240723001,이병헌,두산,0,10,H,1,0,0,0,16,1,0,3,4
20240723001,홍건희,두산,0,10,H,2,0,0,0,16,0,0,3,3
20240723001,이영하,두산,0,10,H,2,0,0,0,13,1,0,4,4
20240723001,김택연,두산,0,10,L,0,1,0,0,19,0,0,2,3
20240723002,윌커슨,롯데,1,70,L,10,1,1,1,103,3,0,24,26
20240723002,진해수,롯데,0,10,L,1,0,0,0,11,0,0,3,3
20240723002,김원중,롯데,0,01,L,1,1,1,1,17,2,0,3,4
20240723002,정현수,롯데,0,01,L,1,0,0,0,5,0,0,1,1
20240723002,구승민,롯데,0,01,L,0,0,0,0,5,0,0,1,1
20240723006,양현종,KIA,1,90,W,6,0,1,1,95,4,1,30,30
20240724004,류현진,한화,1,70,L,5,1,2,2,96,7,0,26,29
20240724004,김서현,한화,0,10,L,1,0,0,0,14,1,0,3,3
20240724004,주현상,한화,0,10,W,2,0,0,0,13,0,0,3,3
20240724001,곽빈,두산,1,60,W,8,5,2,2,109,3,0,20,25
20240724001,김강률,두산,0,02,H,1,0,0,0,17,1,0,3,3
20240724001,이병헌,두산,0,01,H,0,0,0,0,1,0,0,1,1
20240724001,이교훈,두산,0,01,L,1,1,1,1,13,1,1,2,3
20240724001,이영하,두산,0,10,L,1,0,1,1,20,2,0,5,5
20240724001,김택연,두산,0,02,L,1,0,0,0,11,0,0,2,2
20240724010,쿠에바스,KT,1,50,L,3,2,1,0,94,5,0,19,22
20240724010,성재헌,KT,0,02,L,0,0,0,0,7,0,0,2,2
20240724010,김민수,KT,0,02,L,1,0,2,1,11,1,0,4,4
20240724010,김민,KT,0,11,W,1,0,0,0,19,0,0,5,5
20240724010,박영현,KT,0,11,L,1,0,0,0,19,0,0,4,4
20240724006,알드레드,KIA,1,50,W,7,1,0,0,67,2,0,17,18
20240725001,시라카와,두산,1,42,L,2,5,2,2,82,3,0,14,20
20240725001,김명신,두산,0,21,L,0,0,0,0,27,1,0,7,8
20240725001,이교훈,두산,0,10,L,0,0,1,1,15,2,0,5,5
20240725001,김동주,두산,0,01,L,0,1,3,2,14,2,0,3,4
20240725001,박정수,두산,0,02,L,0,0,0,0,11,2,0,4,4
20240725002,김진욱,롯데,1,50,L,6,1,3,3,96,6,1,21,22
20240725002,한현희,롯데,0,10,H,1,1,1,1,28,2,0,4,5
20240725002,진해수,롯데,0,01,H,0,0,0,0,4,1,0,1,2
20240725002,구승민,롯데,0,02,L,0,1,1,1,19,1,0,3,4
20240725002,김강현,롯데,0,02,L,0,0,0,0,8,2,0,2,3
20240725002,정현수,롯데,0,01,L,0,0,0,0,6,0,0,1,1
20240725002,김원중,롯데,0,10,L,2,2,1,1,27,1,0,4,6
20240725002,박진,롯데,0,11,L,3,1,1,0,20,0,0,4,5
20240725002,최이준,롯데,0,02,L,1,2,2,0,22,1,0,4,6
20240725010,고영표,KT,1,70,W,4,2,1,1,94,6,0,27,29
20240725010,우규민,KT,0,10,H,1,0,1,1,24,2,0,5,5
20240725010,박영현,KT,0,10,L,1,0,0,0,12,0,0,3,3
20240725006,김도현,KIA,1,11,L,3,6,6,4,73,3,0,8,14
20240725006,김승현,KIA,0,12,L,1,0,0,0,21,2,0,7,7
20240725006,임기영,KIA,0,20,L,0,0,0,0,25,0,0,6,6
20240725006,이준영,KIA,0,01,L,1,1,1,1,10,1,0,2,3
20240725006,장현식,KIA,0,02,L,0,1,0,0,14,0,0,1,3
20240725006,이형범,KIA,0,20,L,1,1,0,0,41,2,0,8,9
20240725006,곽도규,KIA,0,10,L,2,0,0,0,15,0,0,3,3
20240726011,앤더슨,SSG,1,61,W,11,1,1,1,102,5,1,23,24
20240726011,노경은,SSG,0,12,H,1,0,0,0,19,0,0,5,5
20240726011,문승원,SSG,0,10,L,0,0,0,0,10,0,0,3,3
20240726003,백정현,삼성,1,60,L,3,2,3,2,98,7,1,23,27
20240726003,이승현,삼성,0,01,L,0,1,1,1,17,2,0,2,4
20240726003,이상민,삼성,0,01,L,1,0,0,0,4,0,0,1,1
20240726003,임창민,삼성,0,10,L,1,0,0,0,14,1,0,4,4
20240726003,최채흥,삼성,0,11,L,1,0,0,0,15,0,0,4,4
20240726009,이재학,NC,1,61,L,7,3,2,2,94,4,1,21,24
20240726009,류진욱,NC,0,02,W,1,1,0,0,9,0,0,2,3
20240726009,임정호,NC,0,10,H,1,0,0,0,10,0,0,3,3
20240726009,한재승,NC,0,10,L,2,1,0,0,14,0,0,3,4
20240726008,김인범,키움,1,30,L,2,1,3,3,50,5,1,13,14
20240726008,이종민,키움,0,30,W,2,1,1,1,36,3,1,11,12
20240726008,양지율,키움,0,10,H,0,1,0,0,14,0,0,3,4
20240726008,김성민,키움,0,10,H,0,0,0,0,5,0,0,3,3
20240726008,주승우,키움,0,10,L,2,0,0,0,14,2,0,5,5
20240727011,엘리아스,SSG,1,40,L,2,5,1,1,97,5,0,15,20
20240727011,이로운,SSG,0,01,L,0,3,2,2,20,1,1,2,5
20240727011,서진용,SSG,0,12,L,1,1,0,0,24,0,0,4,6
20240727011,조병현,SSG,0,10,W,1,0,0,0,11,0,0,3,3
20240727011,노경은,SSG,0,10,H,1,1,0,0,20,1,0,4,5
20240727011,문승원,SSG,0,10,L,0,0,0,0,15,1,0,3,3
20240727003,원태인,삼성,1,62,W,6,2,1,1,106,4,1,22,24
20240727003,최지광,삼성,0,02,H,1,0,0,0,18,1,0,3,3
20240727003,이상민,삼성,0,02,H,1,0,0,0,9,0,0,2,2
20240727003,김재윤,삼성,0,02,H,0,0,1,1,6,1,1,3,3
20240727003,오승환,삼성,0,01,L,0,0,0,0,4,0,0,1,1
20240727009,김시훈,NC,1,60,L,5,1,4,4,93,8,0,26,27
20240727009,전사민,NC,0,20,L,1,2,5,5,41,5,1,10,13
20240727009,배재환,NC,0,10,L,0,2,0,0,25,1,0,4,6
20240727008,후라도,키움,1,70,L,10,1,2,2,107,3,1,24,25
20240727008,양지율,키움,0,10,L,0,0,0,0,22,1,0,4,4
20240727008,주승우,키움,0,10,W,1,0,3,3,21,3,0,5,6
20240728008,헤이수스,키움,1,70,L,5,1,0,0,96,5,0,24,25
20240728008,양지율,키움,0,02,L,1,1,2,2,19,1,1,3,4
20240728008,김동욱,키움,0,01,H,0,0,0,0,2,0,0,1,1
20240728008,김성민,키움,0,02,L,1,0,2,2,16,3,2,5,5
20240728008,조영건,키움,0,01,L,0,0,0,0,1,0,0,1,1
20240728005,최원태,LG,1,30,L,1,2,6,6,57,7,2,15,18
20240728005,이지강,LG,0,12,L,2,1,0,0,21,0,0,5,6
20240728005,임준형,LG,0,11,L,0,0,0,0,20,1,0,5,5
20240728005,김대현,LG,0,00,L,0,1,0,0,4,0,0,0,1
20240728005,백승현,LG,0,01,L,0,1,2,2,10,1,0,2,3
20240728005,김유영,LG,0,02,L,0,0,0,0,17,1,0,3,3
20240728005,정우영,LG,0,02,L,1,1,1,1,16,1,0,3,4
20240728005,김영준,LG,0,11,L,1,0,0,0,17,0,0,4,4
20240728011,송영진,SSG,1,52,W,4,2,0,0,90,5,0,21,24
20240728011,조병현,SSG,0,11,H,2,0,0,0,16,0,0,4,4
20240728011,노경은,SSG,0,10,H,1,1,0,0,20,2,0,5,6
20240728011,문승원,SSG,0,10,L,1,0,0,0,16,1,0,4,4
20240728003,레예스,삼성,1,70,L,8,0,0,0,107,6,0,27,27
20240728003,이상민,삼성,0,00,L,0,0,2,2,3,2,0,2,2
20240728003,황동재,삼성,0,01,L,0,0,1,1,9,1,0,2,2
20240728003,최지광,삼성,0,02,L,0,0,0,0,9,1,0,3,3
20240728003,김재윤,삼성,0,10,L,2,0,1,1,19,2,1,5,5
20240728009,최성영,NC,1,22,L,2,2,4,1,52,4,0,12,14
20240728009,한재승,NC,0,11,L,1,1,1,1,23,2,0,6,7
20240728009,류진욱,NC,0,10,L,2,0,1,1,25,2,1,5,5
20240728009,임정호,NC,0,20,L,2,0,0,0,28,0,0,6,6
20240728009,김재열,NC,0,20,L,2,0,0,0,31,1,0,7,7
20240728009,이용찬,NC,0,02,L,0,0,4,1,15,3,0,5,6
20240728009,이준호,NC,0,01,L,0,1,0,0,19,2,0,3,4
20240730005,엔스,LG,1,60,L,3,3,4,4,98,5,2,21,25
20240730005,임준형,LG,0,01,L,0,1,2,2,9,1,0,1,3
20240730005,이지강,LG,0,02,L,0,0,0,0,9,1,0,3,3
20240730005,김영준,LG,0,10,L,1,0,1,1,15,1,1,4,4
20240730005,이상영,LG,0,01,L,1,1,0,0,20,2,0,3,4
20240730005,정지헌,LG,0,02,L,2,0,0,0,9,0,0,2,2
20240730011,김광현,SSG,1,50,W,5,3,5,4,103,8,0,23,26
20240730011,이로운,SSG,0,10,L,1,0,0,0,9,0,0,3,3
20240730011,서진용,SSG,0,10,L,0,0,0,0,20,0,0,3,3
20240730011,한두솔,SSG,0,10,L,0,0,0,0,10,0,0,3,3
20240730011,장지훈,SSG,0,10,L,0,1,0,0,12,0,0,2,3
20240730010,쿠에바스,KT,1,60,L,1,2,6,6,94,8,0,21,27
20240730010,김민수,KT,0,10,L,1,0,0,0,19,2,0,5,5
20240730010,우규민,KT,0,10,L,0,0,0,0,18,1,0,4,4
20240730010,주권,KT,0,10,L,0,0,0,0,14,0,0,3,3
20240730006,알드레드,KIA,1,41,L,4,1,7,7,91,8,1,20,23
20240730006,임기영,KIA,0,01,L,0,0,2,2,19,2,0,3,3
20240730006,김승현,KIA,0,21,L,0,0,2,2,44,5,0,12,12
20240730006,이형범,KIA,0,20,L,3,2,1,1,38,3,1,9,11
20240730008,하영민,키움,1,60,W,4,3,1,1,100,5,0,21,24
20240730008,양지율,키움,0,10,L,1,1,0,0,23,0,0,3,4
20240730008,김선기,키움,0,10,L,0,0,1,1,19,2,1,5,5
20240730008,주승우,키움,0,10,L,2,0,0,0,10,0,0,3,3
20240731005,손주영,LG,1,60,W,7,0,1,1,92,4,0,23,23
20240731005,이지강,LG,0,10,L,2,0,0,0,16,0,0,3,3
20240731005,임준형,LG,0,10,L,1,0,0,0,15,1,0,4,4
20240731005,최동환,LG,0,01,L,1,1,4,4,18,3,2,4,5
20240731005,정지헌,LG,0,02,L,0,1,0,0,17,1,0,3,4
20240731011,오원석,SSG,1,31,L,4,2,5,5,86,9,2,18,21
20240731011,서진용,SSG,0,02,L,1,0,0,0,10,0,0,2,2
20240731011,이로운,SSG,0,01,L,1,0,4,4,23,4,1,5,5
20240731011,장지훈,SSG,0,12,L,0,2,0,0,28,1,0,7,9
20240731011,김택형,SSG,0,20,L,0,0,1,1,27,4,0,10,10
20240731011,한두솔,SSG,0,10,L,1,0,0,0,9,0,0,3,3
20240731011,노경은,SSG,0,10,L,2,0,0,0,12,0,0,3,3
20240731011,조병현,SSG,0,10,L,3,0,0,0,16,0,0,3,3
20240731011,문승원,SSG,0,10,W,1,1,1,1,16,2,0,3,6
20240731010,고영표,KT,1,50,L,4,1,7,4,95,11,2,26,27
20240731010,김민수,KT,0,10,L,2,1,3,3,22,2,1,5,6
20240731010,이상동,KT,0,20,L,2,0,0,0,23,1,0,6,7
20240731010,성재헌,KT,0,00,L,0,0,4,4,14,4,0,4,4
20240731010,박세진,KT,0,10,L,1,2,4,2,43,4,0,8,10
20240731006,김도현,KIA,1,21,L,2,1,6,6,63,8,1,15,16
20240731006,김기훈,KIA,0,02,L,1,5,3,3,31,1,0,3,8
20240731006,곽도규,KIA,0,10,L,2,1,0,0,28,1,0,4,5
20240731006,최지민,KIA,0,10,L,0,2,5,5,37,3,1,6,8
20240731006,이준영,KIA,0,00,L,0,0,4,3,15,3,2,4,4
20240731006,김현수,KIA,0,02,L,0,3,7,7,34,4,0,6,9
20240731006,김대유,KIA,0,11,L,1,2,5,5,35,6,0,10,12
20240731006,장현식,KIA,0,10,L,1,0,0,0,16,2,0,5,5
20240731006,박정우,KIA,0,10,L,2,0,0,0,13,0,0,3,3
20240731008,정찬헌,키움,1,40,L,3,3,1,1,56,3,0,15,18
20240731008,이종민,키움,0,20,L,1,4,0,0,45,1,0,5,11
20240731008,조영건,키움,0,01,L,0,0,5,4,24,4,1,6,6
20240731008,김동욱,키움,0,02,L,1,1,3,3,15,2,1,4,5
20240731008,김연주,키움,0,10,L,1,1,0,0,11,0,0,3,4
20240731008,이명종,키움,0,10,L,0,0,0,0,14,1,0,3,3
