idx,team,result,i_1,i_2,i_3,i_4,i_5,i_6,i_7,i_8,i_9,i_10,i_11,i_12,i_13,i_14,i_15,i_16,i_17,i_18,r,h,e,b,year,month,day,week,home,away,dbheader,place,audience,starttime,endtime,gametime
20240901002,롯데,1,2,0,0,0,1,0,0,0,0,0,0,1,-,-,-,-,-,-,4,12,1,6,2024,9,1,6,두산,롯데,0,잠실,23750,14:01,18:44,4:43
20240901001,두산,-1,0,0,0,0,0,0,3,0,0,0,0,0,-,-,-,-,-,-,3,6,0,5,2024,9,1,6,두산,롯데,0,잠실,23750,14:01,18:44,4:43
20240901009,NC,1,0,0,0,0,0,2,0,4,2,-,-,-,-,-,-,-,-,-,8,12,1,7,2024,9,1,6,SSG,NC,0,문학,13039,14:00,17:24,3:24
20240901011,SSG,-1,1,0,0,0,0,0,0,0,1,-,-,-,-,-,-,-,-,-,2,7,0,6,2024,9,1,6,SSG,NC,0,문학,13039,14:00,17:24,3:24
20240901006,KIA,1,0,0,0,1,2,0,2,0,1,-,-,-,-,-,-,-,-,-,6,16,0,2,2024,9,1,6,삼성,KIA,0,대구,24000,14:01,17:20,3:19
20240901003,삼성,-1,0,3,2,0,0,0,0,0,0,-,-,-,-,-,-,-,-,-,5,6,0,4,2024,9,1,6,삼성,KIA,0,대구,24000,14:01,17:20,3:19
20240903001,두산,-1,0,0,0,0,1,0,0,0,0,-,-,-,-,-,-,-,-,-,1,5,0,2,2024,9,3,1,한화,두산,0,한밭,12000,18:30,21:09,2:39
20240903004,한화,1,0,0,0,0,3,2,2,0,-,-,-,-,-,-,-,-,-,-,7,13,0,4,2024,9,3,1,한화,두산,0,한밭,12000,18:30,21:09,2:39
20240903002,롯데,-1,0,0,1,0,0,0,0,0,0,-,-,-,-,-,-,-,-,-,1,7,2,2,2024,9,3,1,삼성,롯데,0,대구,24000,18:30,21:24,2:54
20240903003,삼성,1,0,0,0,2,0,1,0,2,-,-,-,-,-,-,-,-,-,-,5,7,1,3,2024,9,3,1,삼성,롯데,0,대구,24000,18:30,21:24,2:54
20240903008,키움,-1,0,0,2,0,0,0,0,0,3,-,-,-,-,-,-,-,-,-,5,8,3,3,2024,9,3,1,NC,키움,0,창원,3394,18:30,21:22,2:52
20240903009,NC,1,3,3,0,0,1,1,0,3,-,-,-,-,-,-,-,-,-,-,11,15,0,4,2024,9,3,1,NC,키움,0,창원,3394,18:30,21:22,2:52
20240903005,LG,-1,1,0,0,0,1,1,0,1,1,-,-,-,-,-,-,-,-,-,5,9,1,2,2024,9,3,1,KIA,LG,0,광주,13089,18:31,21:21,2:50
20240903006,KIA,1,0,0,0,3,2,0,1,1,-,-,-,-,-,-,-,-,-,-,7,12,0,3,2024,9,3,1,KIA,LG,0,광주,13089,18:31,21:21,2:50
20240904011,SSG,-1,0,0,0,0,0,0,0,0,0,-,-,-,-,-,-,-,-,-,0,4,2,1,2024,9,4,2,LG,SSG,0,잠실,13229,18:30,21:11,2:41
20240904005,LG,1,2,2,0,0,1,0,0,0,-,-,-,-,-,-,-,-,-,-,5,7,0,5,2024,9,4,2,LG,SSG,0,잠실,13229,18:30,21:11,2:41
20240904010,KT,-1,0,0,0,0,4,0,0,0,1,-,-,-,-,-,-,-,-,-,5,9,1,1,2024,9,4,2,롯데,KT,0,사직,14041,18:29,21:36,3:07
20240904002,롯데,1,0,0,0,0,1,0,6,0,-,-,-,-,-,-,-,-,-,-,7,9,2,1,2024,9,4,2,롯데,KT,0,사직,14041,18:29,21:36,3:07
20240904001,두산,-1,0,0,1,0,0,2,0,0,0,-,-,-,-,-,-,-,-,-,3,7,0,6,2024,9,4,2,삼성,두산,0,대구,24000,18:30,21:56,3:26
20240904003,삼성,1,0,1,0,0,3,0,0,3,-,-,-,-,-,-,-,-,-,-,7,13,0,5,2024,9,4,2,삼성,두산,0,대구,24000,18:30,21:56,3:26
20240904008,키움,-1,0,0,0,1,0,0,0,0,5,-,-,-,-,-,-,-,-,-,6,5,0,7,2024,9,4,2,NC,키움,0,창원,4956,18:30,21:42,3:12
20240904009,NC,1,2,0,0,3,3,3,0,2,-,-,-,-,-,-,-,-,-,-,13,15,1,8,2024,9,4,2,NC,키움,0,창원,4956,18:30,21:42,3:12
20240904004,한화,1,3,0,0,0,0,1,0,0,0,1,-,-,-,-,-,-,-,-,5,12,2,5,2024,9,4,2,KIA,한화,0,광주,15328,18:30,21:49,3:19
20240904006,KIA,-1,0,0,0,0,0,0,0,1,3,0,-,-,-,-,-,-,-,-,4,7,1,0,2024,9,4,2,KIA,한화,0,광주,15328,18:30,21:49,3:19
20240905011,SSG,1,3,0,0,1,0,0,0,0,0,-,-,-,-,-,-,-,-,-,4,8,1,2,2024,9,5,3,LG,SSG,0,잠실,12115,18:30,21:44,3:14
20240905005,LG,-1,0,0,0,1,1,0,0,0,0,-,-,-,-,-,-,-,-,-,2,5,1,5,2024,9,5,3,LG,SSG,0,잠실,12115,18:30,21:44,3:14
20240905010,KT,1,2,1,3,4,0,0,0,2,0,-,-,-,-,-,-,-,-,-,12,18,0,5,2024,9,5,3,롯데,KT,0,사직,15864,18:30,21:47,3:17
20240905002,롯데,-1,0,0,0,1,0,0,1,0,0,-,-,-,-,-,-,-,-,-,2,11,1,1,2024,9,5,3,롯데,KT,0,사직,15864,18:30,21:47,3:17
20240905008,키움,1,0,1,4,1,1,0,0,0,0,0,5,-,-,-,-,-,-,-,12,14,3,10,2024,9,5,3,NC,키움,0,창원,5214,18:30,22:46,4:16
20240905009,NC,-1,0,0,0,0,2,5,0,0,0,0,0,-,-,-,-,-,-,-,7,11,2,5,2024,9,5,3,NC,키움,0,창원,5214,18:30,22:46,4:16
20240905004,한화,-1,0,0,0,1,0,0,2,0,0,0,-,-,-,-,-,-,-,-,3,7,0,4,2024,9,5,3,KIA,한화,0,광주,16083,18:30,22:20,3:50
20240905006,KIA,1,0,0,0,2,0,1,0,0,0,1,-,-,-,-,-,-,-,-,4,10,1,5,2024,9,5,3,KIA,한화,0,광주,16083,18:30,22:20,3:50
20240906004,한화,1,0,2,0,0,0,0,0,0,1,-,-,-,-,-,-,-,-,-,3,9,0,2,2024,9,6,4,LG,한화,0,잠실,23750,18:30,21:28,2:58
20240906005,LG,-1,0,0,0,1,0,0,0,0,0,-,-,-,-,-,-,-,-,-,1,7,1,5,2024,9,6,4,LG,한화,0,잠실,23750,18:30,21:28,2:58
20240906003,삼성,1,0,0,0,0,5,0,0,2,0,-,-,-,-,-,-,-,-,-,7,13,1,4,2024,9,6,4,롯데,삼성,0,사직,22464,18:30,21:55,3:25
20240906002,롯데,-1,1,0,0,0,1,0,0,0,0,-,-,-,-,-,-,-,-,-,2,7,1,7,2024,9,6,4,롯데,삼성,0,사직,22464,18:30,21:55,3:25
20240906010,KT,1,2,4,0,0,3,0,0,0,0,-,-,-,-,-,-,-,-,-,9,11,0,4,2024,9,6,4,NC,KT,0,창원,5868,19:29,22:48,3:19
20240906009,NC,-1,0,1,1,1,0,0,0,0,0,-,-,-,-,-,-,-,-,-,3,12,1,4,2024,9,6,4,NC,KT,0,창원,5868,19:29,22:48,3:19
20240906008,키움,-1,0,0,0,0,0,0,0,0,0,-,-,-,-,-,-,-,-,-,0,9,2,3,2024,9,6,4,KIA,키움,0,광주,17103,18:30,22:53,3:10
20240906006,KIA,1,1,0,0,0,2,3,5,3,-,-,-,-,-,-,-,-,-,-,14,14,0,3,2024,9,6,4,KIA,키움,0,광주,17103,18:30,22:53,3:10
20240907004,한화,-1,0,0,0,0,1,0,0,0,2,-,-,-,-,-,-,-,-,-,3,5,0,5,2024,9,7,5,LG,한화,0,잠실,23750,14:00,17:23,3:23
20240907005,LG,1,0,0,1,1,2,1,0,4,-,-,-,-,-,-,-,-,-,-,9,15,0,5,2024,9,7,5,LG,한화,0,잠실,23750,14:00,17:23,3:23
20240907011,SSG,0,0,0,0,0,0,0,0,0,1,0,0,0,-,-,-,-,-,-,1,9,0,5,2024,9,7,5,롯데,SSG,0,사직,22758,17:00,21:03,4:03
20240907002,롯데,0,0,0,0,0,0,0,1,0,0,0,0,0,-,-,-,-,-,-,1,6,2,4,2024,9,7,5,롯데,SSG,0,사직,22758,17:00,21:03,4:03
20240907009,NC,1,4,0,2,3,0,0,0,0,0,-,-,-,-,-,-,-,-,-,9,13,1,0,2024,9,7,5,삼성,NC,0,대구,24000,17:00,19:27,2:27
20240907003,삼성,-1,0,1,0,0,0,0,0,0,0,-,-,-,-,-,-,-,-,-,1,3,0,5,2024,9,7,5,삼성,NC,0,대구,24000,17:00,19:27,2:27
20240907001,두산,1,1,0,3,4,2,0,1,1,0,-,-,-,-,-,-,-,-,-,12,15,0,6,2024,9,7,5,KT,두산,0,수원,18700,17:00,19:48,2:48
20240907010,KT,-1,0,0,0,0,1,0,0,0,1,-,-,-,-,-,-,-,-,-,2,5,0,4,2024,9,7,5,KT,두산,0,수원,18700,17:00,19:48,2:48
20240907008,키움,-1,0,1,0,0,0,0,0,1,0,-,-,-,-,-,-,-,-,-,2,9,1,3,2024,9,7,5,KIA,키움,0,광주,20500,18:00,20:40,2:40
20240907006,KIA,1,3,2,0,0,0,0,0,1,-,-,-,-,-,-,-,-,-,-,6,6,0,5,2024,9,7,5,KIA,키움,0,광주,20500,18:00,20:40,2:40
20240908004,한화,-1,0,0,0,2,0,0,0,1,0,-,-,-,-,-,-,-,-,-,3,9,1,6,2024,9,8,6,LG,한화,0,잠실,23750,14:01,17:04,3:03
20240908005,LG,1,0,2,4,5,1,1,1,0,-,-,-,-,-,-,-,-,-,-,14,19,0,5,2024,9,8,6,LG,한화,0,잠실,23750,14:01,17:04,3:03
20240908011,SSG,1,1,2,1,2,0,2,0,3,0,-,-,-,-,-,-,-,-,-,11,14,0,5,2024,9,8,6,롯데,SSG,0,사직,18116,14:00,17:13,3:13
20240908002,롯데,-1,0,0,0,0,0,2,1,1,2,-,-,-,-,-,-,-,-,-,6,17,2,0,2024,9,8,6,롯데,SSG,0,사직,18116,14:00,17:13,3:13
20240908009,NC,-1,0,0,0,0,0,2,0,0,0,-,-,-,-,-,-,-,-,-,2,10,1,2,2024,9,8,6,삼성,NC,0,대구,24000,14:01,17:28,3:27
20240908003,삼성,1,0,0,0,1,4,1,2,2,-,-,-,-,-,-,-,-,-,-,10,16,0,3,2024,9,8,6,삼성,NC,0,대구,24000,14:01,17:28,3:27
20240908008,키움,-1,1,0,0,0,0,0,0,1,0,-,-,-,-,-,-,-,-,-,2,5,2,3,2024,9,8,6,KIA,키움,0,광주,20500,14:00,16:34,2:34
20240908006,KIA,1,0,0,1,0,0,0,0,4,-,-,-,-,-,-,-,-,-,-,5,9,1,0,2024,9,8,6,KIA,키움,0,광주,20500,14:00,16:34,2:34
20240910002,롯데,1,0,0,0,0,1,0,0,0,0,1,-,-,-,-,-,-,-,-,2,10,0,2,2024,9,10,1,LG,롯데,0,잠실,23750,18:30,21:40,3:10
20240910005,LG,-1,0,0,1,0,0,0,0,0,0,0,-,-,-,-,-,-,-,-,1,5,0,4,2024,9,10,1,LG,롯데,0,잠실,23750,18:30,21:40,3:10
20240910004,한화,-1,0,0,0,0,0,0,0,0,0,-,-,-,-,-,-,-,-,-,0,4,0,5,2024,9,10,1,SSG,한화,0,문학,19109,18:30,21:21,2:51
20240910011,SSG,1,0,0,0,0,1,1,1,2,-,-,-,-,-,-,-,-,-,-,5,9,0,1,2024,9,10,1,SSG,한화,0,문학,19109,18:30,21:21,2:51
20240910009,NC,-1,0,0,0,1,5,1,0,0,1,-,-,-,-,-,-,-,-,-,8,12,0,5,2024,9,10,1,KT,NC,0,수원,6721,18:30,21:58,3:28
20240910010,KT,1,0,0,3,0,6,0,0,2,-,-,-,-,-,-,-,-,-,-,11,12,0,7,2024,9,10,1,KT,NC,0,수원,6721,18:30,21:58,3:28
20240910001,두산,-1,0,0,0,0,0,0,0,1,0,-,-,-,-,-,-,-,-,-,1,5,1,1,2024,9,10,1,키움,두산,0,고척,13822,18:30,21:23,2:53
20240910008,키움,1,1,2,0,0,2,0,0,2,-,-,-,-,-,-,-,-,-,-,7,11,0,6,2024,9,10,1,키움,두산,0,고척,13822,18:30,21:23,2:53
20240911003,삼성,1,0,0,2,4,0,2,0,2,0,-,-,-,-,-,-,-,-,-,10,17,0,5,2024,9,11,2,한화,삼성,0,한밭,11670,18:47,22:15,3:28
20240911004,한화,-1,0,0,0,0,0,0,1,0,0,-,-,-,-,-,-,-,-,-,1,2,0,6,2024,9,11,2,한화,삼성,0,한밭,11670,18:47,22:15,3:28
20240911008,키움,1,0,3,1,0,0,0,1,4,0,-,-,-,-,-,-,-,-,-,9,13,0,6,2024,9,11,2,LG,키움,0,잠실,13393,18:30,21:54,3:24
20240911005,LG,-1,0,0,0,1,0,4,0,0,0,-,-,-,-,-,-,-,-,-,5,7,0,3,2024,9,11,2,LG,키움,0,잠실,13393,18:30,21:54,3:24
20240911002,롯데,1,0,1,4,1,1,0,0,1,2,-,-,-,-,-,-,-,-,-,10,14,2,5,2024,9,11,2,SSG,롯데,0,문학,16051,18:30,21:56,3:26
20240911011,SSG,-1,0,0,0,0,0,1,1,0,0,-,-,-,-,-,-,-,-,-,2,10,1,3,2024,9,11,2,SSG,롯데,0,문학,16051,18:30,21:56,3:26
20240911009,NC,-1,0,0,0,0,0,0,0,0,1,-,-,-,-,-,-,-,-,-,1,8,1,2,2024,9,11,2,KT,NC,0,수원,5815,18:30,21:26,2:56
20240911010,KT,1,2,0,0,0,0,0,0,0,-,-,-,-,-,-,-,-,-,-,2,4,0,2,2024,9,11,2,KT,NC,0,수원,5815,18:30,21:26,2:56
20240912003,삼성,1,4,0,3,0,0,0,0,0,0,-,-,-,-,-,-,-,-,-,7,12,0,3,2024,9,12,3,한화,삼성,0,한밭,11719,18:30,21:19,2:49
20240912004,한화,-1,0,0,1,0,0,0,0,0,0,-,-,-,-,-,-,-,-,-,1,8,0,4,2024,9,12,3,한화,삼성,0,한밭,11719,18:30,21:19,2:49
20240912009,NC,-1,0,0,0,0,1,1,0,1,1,-,-,-,-,-,-,-,-,-,4,10,0,4,2024,9,12,3,KT,NC,0,수원,5962,18:30,21:27,2:57
20240912010,KT,1,0,3,0,0,1,5,0,1,-,-,-,-,-,-,-,-,-,-,10,8,0,9,2024,9,12,3,KT,NC,0,수원,5962,18:30,21:27,2:57
20240912002,롯데,-1,0,0,0,0,0,0,0,0,0,-,-,-,-,-,-,-,-,-,0,2,1,1,2024,9,12,3,KIA,롯데,0,광주,20500,18:30,21:26,2:56
20240912006,KIA,1,1,3,0,0,2,1,1,2,-,-,-,-,-,-,-,-,-,-,10,15,0,5,2024,9,12,3,KIA,롯데,0,광주,20500,18:30,21:26,2:56
20240913004,한화,1,0,0,0,0,0,2,5,0,1,-,-,-,-,-,-,-,-,-,8,11,2,4,2024,9,13,4,롯데,한화,0,사직,19675,18:31,21:50,3:19
20240913002,롯데,-1,0,1,0,0,0,0,3,0,0,-,-,-,-,-,-,-,-,-,4,8,1,3,2024,9,13,4,롯데,한화,0,사직,19675,18:31,21:50,3:19
20240914003,삼성,-1,0,0,1,7,0,1,0,0,0,-,-,-,-,-,-,-,-,-,9,11,0,5,2024,9,14,5,SSG,삼성,0,문학,23000,14:01,17:41,3:40
20240914011,SSG,1,1,1,2,3,0,0,3,1,-,-,-,-,-,-,-,-,-,-,11,13,0,5,2024,9,14,5,SSG,삼성,0,문학,23000,14:01,17:41,3:40
20240914004,한화,-1,0,0,2,0,0,0,3,4,0,-,-,-,-,-,-,-,-,-,9,17,1,3,2024,9,14,5,롯데,한화,0,사직,21514,14:00,17:38,3:38
20240914002,롯데,1,4,0,0,6,0,0,2,0,-,-,-,-,-,-,-,-,-,-,12,18,2,3,2024,9,14,5,롯데,한화,0,사직,21514,14:00,17:38,3:38
20240914010,KT,-1,1,0,0,0,0,0,0,0,0,-,-,-,-,-,-,-,-,-,1,3,1,7,2024,9,14,5,두산,KT,0,잠실,23750,17:00,19:48,2:48
20240914001,두산,1,0,1,1,0,0,0,0,0,-,-,-,-,-,-,-,-,-,-,2,4,1,1,2024,9,14,5,두산,KT,0,잠실,23750,17:00,19:48,2:48
20240914005,LG,1,2,1,0,1,5,0,0,0,1,-,-,-,-,-,-,-,-,-,10,12,1,3,2024,9,14,5,NC,LG,0,창원,15383,17:00,20:14,3:14
20240914009,NC,-1,0,0,1,0,0,0,4,2,0,-,-,-,-,-,-,-,-,-,7,11,3,5,2024,9,14,5,NC,LG,0,창원,15383,17:00,20:14,3:14
20240914008,키움,-1,0,0,0,0,0,1,0,1,0,-,-,-,-,-,-,-,-,-,2,7,0,3,2024,9,14,5,KIA,키움,0,광주,20500,17:00,19:57,2:57
20240914006,KIA,1,0,0,0,1,0,0,0,0,2,-,-,-,-,-,-,-,-,-,3,9,2,2,2024,9,14,5,KIA,키움,0,광주,20500,17:00,19:57,2:57
20240915003,삼성,-1,0,1,0,0,0,4,4,0,0,-,-,-,-,-,-,-,-,-,9,9,0,4,2024,9,15,6,SSG,삼성,0,문학,23000,14:00,17:29,3:29
20240915011,SSG,1,0,1,0,4,0,2,3,4,-,-,-,-,-,-,-,-,-,-,14,21,1,2,2024,9,15,6,SSG,삼성,0,문학,23000,14:00,17:29,3:29
20240915004,한화,-1,1,3,2,0,0,0,1,0,2,-,-,-,-,-,-,-,-,-,9,12,0,4,2024,9,15,6,롯데,한화,0,사직,22758,14:00,17:31,3:31
20240915002,롯데,1,1,0,0,9,0,0,6,0,-,-,-,-,-,-,-,-,-,-,16,16,2,6,2024,9,15,6,롯데,한화,0,사직,22758,14:00,17:31,3:31
20240915005,LG,-1,0,0,0,0,0,0,1,0,0,-,-,-,-,-,-,-,-,-,1,5,0,5,2024,9,15,6,NC,LG,0,창원,10826,14:00,16:45,2:45
20240915009,NC,1,2,0,0,0,2,0,0,0,-,-,-,-,-,-,-,-,-,-,4,11,0,4,2024,9,15,6,NC,LG,0,창원,10826,14:00,16:45,2:45
20240915008,키움,1,1,0,0,1,6,0,0,1,1,-,-,-,-,-,-,-,-,-,10,13,0,4,2024,9,15,6,KIA,키움,0,광주,20500,14:01,17:38,3:37
20240915006,KIA,-1,0,2,1,0,0,2,0,0,0,-,-,-,-,-,-,-,-,-,5,15,2,0,2024,9,15,6,KIA,키움,0,광주,20500,14:01,17:38,3:37
20240916008,키움,-1,0,0,0,0,1,0,1,0,1,1,-,-,-,-,-,-,-,-,4,7,0,8,2024,9,16,0,두산,키움,0,잠실,18894,14:00,18:27,4:27
20240916001,두산,1,0,0,0,0,0,1,0,2,0,2,-,-,-,-,-,-,-,-,5,7,2,10,2024,9,16,0,두산,키움,0,잠실,18894,14:00,18:27,4:27
20240916006,KIA,1,0,3,1,0,0,0,0,2,5,-,-,-,-,-,-,-,-,-,11,16,0,2,2024,9,16,0,KT,KIA,0,수원,18700,14:00,17:23,3:23
20240916010,KT,-1,0,0,0,0,0,1,4,0,0,-,-,-,-,-,-,-,-,-,5,12,3,5,2024,9,16,0,KT,KIA,0,수원,18700,14:00,17:23,3:23
20240917003,삼성,-1,0,1,1,0,0,0,1,1,0,-,-,-,-,-,-,-,-,-,4,8,0,5,2024,9,17,1,두산,삼성,0,잠실,23750,14:00,17:22,3:22
20240917001,두산,1,2,0,0,4,0,0,2,0,-,-,-,-,-,-,-,-,-,-,8,11,0,7,2024,9,17,1,두산,삼성,0,잠실,23750,14:00,17:22,3:22
20240917006,KIA,-1,0,0,0,0,0,0,0,0,0,-,-,-,-,-,-,-,-,-,0,6,0,9,2024,9,17,1,SSG,KIA,0,문학,23000,14:00,17:25,3:25
20240917011,SSG,1,0,0,1,0,0,0,0,1,-,-,-,-,-,-,-,-,-,-,2,9,0,3,2024,9,17,1,SSG,KIA,0,문학,23000,14:00,17:25,3:25
20240917005,LG,-1,0,3,0,0,0,0,0,0,0,-,-,-,-,-,-,-,-,-,3,8,1,4,2024,9,17,1,롯데,LG,0,사직,18742,14:00,17:39,3:39
20240917002,롯데,1,0,0,2,0,1,0,1,3,-,-,-,-,-,-,-,-,-,-,7,13,0,8,2024,9,17,1,롯데,LG,0,사직,18742,14:00,17:39,3:39
20240917004,한화,1,0,0,0,0,2,0,0,1,1,-,-,-,-,-,-,-,-,-,4,6,0,6,2024,9,17,1,NC,한화,0,창원,9403,14:01,17:11,3:10
20240917009,NC,-1,0,0,0,0,0,0,0,1,0,-,-,-,-,-,-,-,-,-,1,7,0,1,2024,9,17,1,NC,한화,0,창원,9403,14:01,17:11,3:10
20240917010,KT,1,0,1,3,0,0,0,0,0,0,-,-,-,-,-,-,-,-,-,4,11,1,3,2024,9,17,1,키움,KT,0,고척,11032,14:02,17:12,3:10
20240917008,키움,-1,0,0,0,0,0,1,0,1,0,-,-,-,-,-,-,-,-,-,2,7,0,5,2024,9,17,1,키움,KT,0,고척,11032,14:02,17:12,3:10
20240918005,LG,1,0,0,0,0,0,0,0,2,3,-,-,-,-,-,-,-,-,-,5,10,0,3,2024,9,18,2,롯데,LG,0,사직,21147,17:00,20:05,3:05
20240918002,롯데,-1,0,0,1,0,0,0,0,1,1,-,-,-,-,-,-,-,-,-,3,8,3,4,2024,9,18,2,롯데,LG,0,사직,21147,17:00,20:05,3:05
20240918004,한화,-1,1,1,0,0,0,0,0,0,0,-,-,-,-,-,-,-,-,-,2,4,1,2,2024,9,18,2,NC,한화,0,창원,9268,17:00,19:42,2:42
20240918009,NC,1,2,0,0,0,3,0,0,0,-,-,-,-,-,-,-,-,-,-,5,13,0,2,2024,9,18,2,NC,한화,0,창원,9268,17:00,19:42,2:42
20240918003,삼성,1,0,2,1,0,1,1,0,0,3,-,-,-,-,-,-,-,-,-,8,9,0,6,2024,9,18,2,KT,삼성,0,수원,18700,17:00,20:07,3:07
20240918010,KT,-1,0,0,1,2,1,0,0,1,1,-,-,-,-,-,-,-,-,-,6,12,1,5,2024,9,18,2,KT,삼성,0,수원,18700,17:00,20:07,3:07
20240919006,KIA,-1,2,0,0,1,0,0,1,0,0,-,-,-,-,-,-,-,-,-,4,8,3,3,2024,9,19,3,두산,KIA,0,잠실,23750,18:30,21:30,3:00
20240919001,두산,1,0,3,3,1,0,2,0,0,-,-,-,-,-,-,-,-,-,-,9,10,0,4,2024,9,19,3,두산,KIA,0,잠실,23750,18:30,21:30,3:00
20240919008,키움,-1,0,0,0,1,0,0,0,1,4,-,-,-,-,-,-,-,-,-,6,9,0,5,2024,9,19,3,SSG,키움,0,문학,14848,18:30,21:32,3:02
20240919011,SSG,1,0,0,0,3,0,3,0,2,-,-,-,-,-,-,-,-,-,-,8,12,0,4,2024,9,19,3,SSG,키움,0,문학,14848,18:30,21:32,3:02
20240919005,LG,1,1,1,0,0,1,1,2,0,1,-,-,-,-,-,-,-,-,-,7,14,0,1,2024,9,19,3,롯데,LG,0,사직,16895,18:30,21:33,3:03
20240919002,롯데,-1,0,1,0,0,1,2,0,0,0,-,-,-,-,-,-,-,-,-,4,11,0,5,2024,9,19,3,롯데,LG,0,사직,16895,18:30,21:33,3:03
20240919004,한화,1,2,3,1,0,0,1,0,0,0,-,-,-,-,-,-,-,-,-,7,14,0,2,2024,9,19,3,NC,한화,0,창원,6010,18:30,21:50,3:20
20240919009,NC,-1,4,0,0,0,0,1,0,1,0,-,-,-,-,-,-,-,-,-,6,10,0,4,2024,9,19,3,NC,한화,0,창원,6010,18:30,21:50,3:20
20240919003,삼성,-1,0,3,0,1,0,0,0,1,0,-,-,-,-,-,-,-,-,-,5,14,1,7,2024,9,19,3,KT,삼성,0,수원,12617,18:30,22:21,3:51
20240919010,KT,1,1,0,2,1,5,0,0,3,-,-,-,-,-,-,-,-,-,-,12,17,0,7,2024,9,19,3,KT,삼성,0,수원,12617,18:30,22:21,3:51
20240921101,두산,1,4,0,1,0,2,2,0,5,0,-,-,-,-,-,-,-,-,-,14,14,0,9,2024,9,21,5,LG,두산,1,잠실,23236,14:01,17:20,3:19
20240921105,LG,-1,0,0,0,2,3,2,0,0,0,-,-,-,-,-,-,-,-,-,7,11,1,3,2024,9,21,5,LG,두산,1,잠실,23236,14:01,17:20,3:19
20240921201,두산,-1,0,0,0,0,0,0,0,0,0,-,-,-,-,-,-,-,-,-,0,4,0,1,2024,9,21,5,LG,두산,2,잠실,23750,18:20,20:39,2:19
20240921205,LG,1,1,0,0,1,0,0,0,0,-,-,-,-,-,-,-,-,-,-,2,4,0,4,2024,9,21,5,LG,두산,2,잠실,23750,18:20,20:39,2:19
20240921011,SSG,1,0,0,0,1,0,1,0,2,0,-,-,-,-,-,-,-,-,-,4,8,1,3,2024,9,21,5,KT,SSG,0,수원,15805,16:59,19:48,2:49
20240921010,KT,-1,0,0,1,0,0,0,0,0,0,-,-,-,-,-,-,-,-,-,1,9,2,3,2024,9,21,5,KT,SSG,0,수원,15805,16:59,19:48,2:49
20240922002,롯데,-1,1,0,2,0,0,1,0,0,0,-,-,-,-,-,-,-,-,-,4,7,1,6,2024,9,22,6,한화,롯데,0,한밭,12000,14:01,17:33,3:32
20240922004,한화,1,0,0,0,0,1,0,4,3,-,-,-,-,-,-,-,-,-,-,8,11,2,7,2024,9,22,6,한화,롯데,0,한밭,12000,14:01,17:33,3:32
20240922001,두산,-1,0,0,4,1,0,0,0,0,0,-,-,-,-,-,-,-,-,-,5,9,1,0,2024,9,22,6,LG,두산,0,잠실,23750,14:01,17:09,3:08
20240922005,LG,1,4,2,1,0,0,0,1,1,-,-,-,-,-,-,-,-,-,-,9,12,1,5,2024,9,22,6,LG,두산,0,잠실,23750,14:01,17:09,3:08
20240922008,키움,-1,0,0,0,1,0,0,0,1,6,-,-,-,-,-,-,-,-,-,8,13,0,3,2024,9,22,6,삼성,키움,0,대구,24000,14:00,16:51,2:51
20240922003,삼성,1,3,0,1,0,0,2,2,1,-,-,-,-,-,-,-,-,-,-,9,8,2,4,2024,9,22,6,삼성,키움,0,대구,24000,14:00,16:51,2:51
20240922011,SSG,1,0,0,2,0,0,3,1,0,0,-,-,-,-,-,-,-,-,-,6,5,0,3,2024,9,22,6,KT,SSG,0,수원,15049,14:00,16:59,2:59
20240922010,KT,-1,0,0,0,0,0,0,2,0,0,-,-,-,-,-,-,-,-,-,2,5,0,6,2024,9,22,6,KT,SSG,0,수원,15049,14:00,16:59,2:59
20240923002,롯데,1,0,0,0,0,1,0,0,0,2,-,-,-,-,-,-,-,-,-,3,8,1,2,2024,9,23,0,한화,롯데,0,한밭,10407,18:30,21:32,3:02
20240923004,한화,-1,0,0,0,0,0,0,2,0,0,-,-,-,-,-,-,-,-,-,2,5,1,2,2024,9,23,0,한화,롯데,0,한밭,10407,18:30,21:32,3:02
20240923011,SSG,-1,1,0,2,1,0,0,0,0,0,-,-,-,-,-,-,-,-,-,4,11,0,3,2024,9,23,0,두산,SSG,0,잠실,22489,18:30,21:59,3:29
20240923001,두산,1,2,1,0,0,3,1,1,0,-,-,-,-,-,-,-,-,-,-,8,9,0,7,2024,9,23,0,두산,SSG,0,잠실,22489,18:30,21:59,3:29
20240923003,삼성,-1,0,0,0,0,0,0,1,0,2,-,-,-,-,-,-,-,-,-,3,5,0,2,2024,9,23,0,KIA,삼성,0,광주,20500,18:30,21:11,2:41
20240923006,KIA,1,1,0,0,1,2,0,1,0,-,-,-,-,-,-,-,-,-,-,5,13,1,3,2024,9,23,0,KIA,삼성,0,광주,20500,18:30,21:11,2:41
20240924009,NC,-1,0,1,0,0,1,3,0,0,0,-,-,-,-,-,-,-,-,-,5,8,3,2,2024,9,24,1,두산,NC,0,잠실,22064,18:30,21:27,2:57
20240924001,두산,1,1,1,0,2,3,2,0,1,-,-,-,-,-,-,-,-,-,-,10,12,0,4,2024,9,24,1,두산,NC,0,잠실,22064,18:30,21:27,2:57
20240924005,LG,1,2,4,0,3,0,3,0,0,2,-,-,-,-,-,-,-,-,-,14,16,0,7,2024,9,24,1,SSG,LG,0,문학,19911,18:30,21:31,3:01
20240924011,SSG,-1,0,0,0,3,0,0,0,1,1,-,-,-,-,-,-,-,-,-,5,7,1,2,2024,9,24,1,SSG,LG,0,문학,19911,18:30,21:31,3:01
20240924002,롯데,-1,0,0,0,0,1,0,0,0,0,-,-,-,-,-,-,-,-,-,1,5,0,5,2024,9,24,1,KT,롯데,0,수원,13304,18:30,21:22,2:52
20240924010,KT,1,0,0,1,0,0,0,4,0,-,-,-,-,-,-,-,-,-,-,5,11,1,0,2024,9,24,1,KT,롯데,0,수원,13304,18:30,21:22,2:52
20240924003,삼성,-1,0,0,0,0,0,0,0,0,1,-,-,-,-,-,-,-,-,-,1,4,1,3,2024,9,24,1,KIA,삼성,0,광주,20500,18:30,21:02,2:32
20240924006,KIA,1,2,2,0,2,0,0,0,1,-,-,-,-,-,-,-,-,-,-,7,9,0,6,2024,9,24,1,KIA,삼성,0,광주,20500,18:30,21:02,2:32
20240924004,한화,-1,0,0,1,0,1,0,2,0,0,-,-,-,-,-,-,-,-,-,4,9,0,4,2024,9,24,1,키움,한화,0,고척,16000,18:31,21:41,3:10
20240924008,키움,1,0,0,0,0,3,0,0,2,-,-,-,-,-,-,-,-,-,-,5,12,0,4,2024,9,24,1,키움,한화,0,고척,16000,18:31,21:41,3:10
20240925004,한화,1,0,2,1,0,0,0,1,0,0,-,-,-,-,-,-,-,-,-,4,11,1,2,2024,9,25,2,LG,한화,0,잠실,23750,18:30,21:16,2:46
20240925005,LG,-1,0,1,1,0,0,0,0,0,0,-,-,-,-,-,-,-,-,-,2,7,1,3,2024,9,25,2,LG,한화,0,잠실,23750,18:30,21:16,2:46
20240925008,키움,-1,1,0,0,0,0,2,0,0,0,-,-,-,-,-,-,-,-,-,3,8,0,3,2024,9,25,2,삼성,키움,0,대구,24000,18:30,21:18,2:48
20240925003,삼성,1,1,2,0,1,0,0,0,2,-,-,-,-,-,-,-,-,-,-,6,9,0,4,2024,9,25,2,삼성,키움,0,대구,24000,18:30,21:18,2:48
20240925011,SSG,1,0,3,0,0,0,3,0,0,2,-,-,-,-,-,-,-,-,-,8,8,1,5,2024,9,25,2,NC,SSG,0,창원,6157,18:31,21:37,3:06
20240925009,NC,-1,0,0,1,0,0,0,1,0,0,-,-,-,-,-,-,-,-,-,2,7,0,3,2024,9,25,2,NC,SSG,0,창원,6157,18:31,21:37,3:06
20240925002,롯데,1,0,0,5,0,0,0,0,0,0,-,-,-,-,-,-,-,-,-,5,11,0,2,2024,9,25,2,KIA,롯데,0,광주,20500,18:31,21:20,2:49
20240925006,KIA,-1,1,0,0,0,0,0,0,0,1,-,-,-,-,-,-,-,-,-,2,7,0,1,2024,9,25,2,KIA,롯데,0,광주,20500,18:31,21:20,2:49
20240926008,키움,-1,0,0,1,0,0,0,0,2,0,-,-,-,-,-,-,-,-,-,3,10,0,1,2024,9,26,3,LG,키움,0,잠실,21593,18:30,21:23,2:53
20240926005,LG,1,0,1,0,0,1,0,1,3,-,-,-,-,-,-,-,-,-,-,6,9,1,4,2024,9,26,3,LG,키움,0,잠실,21593,18:30,21:23,2:53
20240926001,두산,1,3,0,0,0,0,1,0,0,0,-,-,-,-,-,-,-,-,-,4,8,0,3,2024,9,26,3,롯데,두산,0,사직,18727,18:31,21:48,3:17
20240926002,롯데,-1,0,0,0,0,0,0,1,1,1,-,-,-,-,-,-,-,-,-,3,9,1,8,2024,9,26,3,롯데,두산,0,사직,18727,18:31,21:48,3:17
20240926011,SSG,1,0,0,0,1,0,0,4,5,0,-,-,-,-,-,-,-,-,-,10,17,1,2,2024,9,26,3,NC,SSG,0,창원,6377,18:31,21:14,2:43
20240926009,NC,-1,0,0,0,0,0,0,0,1,0,-,-,-,-,-,-,-,-,-,1,7,0,1,2024,9,26,3,NC,SSG,0,창원,6377,18:31,21:14,2:43
20240927006,KIA,-1,0,0,0,0,0,0,0,0,0,-,-,-,-,-,-,-,-,-,0,6,2,2,2024,9,27,4,한화,KIA,0,한밭,12000,18:31,21:21,2:50
20240927004,한화,1,0,0,0,2,1,0,2,3,-,-,-,-,-,-,-,-,-,-,8,13,0,4,2024,9,27,4,한화,KIA,0,한밭,12000,18:31,21:21,2:50
20240927009,NC,-1,0,0,1,1,0,1,1,1,1,-,-,-,-,-,-,-,-,-,6,13,0,2,2024,9,27,4,롯데,NC,0,사직,22758,18:30,21:31,3:01
20240927002,롯데,1,3,0,0,4,1,0,3,2,-,-,-,-,-,-,-,-,-,-,13,15,0,9,2024,9,27,4,롯데,NC,0,사직,22758,18:30,21:31,3:01
20240927008,키움,-1,0,0,0,4,1,0,0,2,0,0,0,0,-,-,-,-,-,-,7,13,0,3,2024,9,27,4,KT,키움,0,수원,12824,18:30,22:43,4:13
20240927010,KT,1,3,1,1,0,0,0,0,1,1,0,0,1,-,-,-,-,-,-,8,15,0,8,2024,9,27,4,KT,키움,0,수원,12824,18:30,22:43,4:13
20240928011,SSG,1,0,1,1,1,0,0,1,2,0,-,-,-,-,-,-,-,-,-,6,12,1,4,2024,9,28,5,한화,SSG,0,한밭,12000,17:00,20:30,3:30
20240928004,한화,-1,2,0,0,0,0,0,0,0,0,-,-,-,-,-,-,-,-,-,2,5,0,5,2024,9,28,5,한화,SSG,0,한밭,12000,17:00,20:30,3:30
20240928006,KIA,1,0,0,0,0,0,6,6,0,0,-,-,-,-,-,-,-,-,-,12,12,2,7,2024,9,28,5,롯데,KIA,0,사직,22758,17:00,20:35,3:35
20240928002,롯데,-1,0,0,0,2,4,2,0,0,0,-,-,-,-,-,-,-,-,-,8,13,0,5,2024,9,28,5,롯데,KIA,0,사직,22758,17:00,20:35,3:35
20240928005,LG,1,3,0,1,1,3,1,0,2,0,-,-,-,-,-,-,-,-,-,11,16,0,4,2024,9,28,5,삼성,LG,0,대구,24000,17:00,20:51,2:59
20240928003,삼성,-1,0,0,4,0,0,0,0,0,0,-,-,-,-,-,-,-,-,-,4,7,1,2,2024,9,28,5,삼성,LG,0,대구,24000,17:00,20:51,2:59
20240928001,두산,1,0,0,3,0,0,0,0,0,1,-,-,-,-,-,-,-,-,-,4,7,1,5,2024,9,28,5,NC,두산,0,창원,17891,17:01,20:04,3:03
20240928009,NC,-1,0,0,1,0,0,0,0,2,0,-,-,-,-,-,-,-,-,-,3,7,1,3,2024,9,28,5,NC,두산,0,창원,17891,17:01,20:04,3:03
20240928008,키움,-1,0,2,2,2,0,0,0,0,1,-,-,-,-,-,-,-,-,-,7,8,0,4,2024,9,28,5,KT,키움,0,수원,18700,17:00,20:05,3:05
20240928010,KT,1,1,0,0,5,1,1,2,0,-,-,-,-,-,-,-,-,-,-,10,15,1,1,2024,9,28,5,KT,키움,0,수원,18700,17:00,20:05,3:05
20240929009,NC,1,0,0,0,1,0,3,0,0,3,-,-,-,-,-,-,-,-,-,7,15,1,4,2024,9,29,6,한화,NC,0,한밭,12000,17:00,20:10,3:10
20240929004,한화,-1,1,0,0,0,0,0,0,1,0,-,-,-,-,-,-,-,-,-,2,4,3,4,2024,9,29,6,한화,NC,0,한밭,12000,17:00,20:10,3:10
20240930008,키움,-1,0,0,0,0,0,1,0,0,1,-,-,-,-,-,-,-,-,-,2,7,1,3,2024,9,30,0,SSG,키움,0,문학,23000,18:29,21:39,3:10
20240930011,SSG,1,0,0,2,5,0,0,0,0,-,-,-,-,-,-,-,-,-,-,7,8,0,3,2024,9,30,0,SSG,키움,0,문학,23000,18:29,21:39,3:10
20240930009,NC,-1,2,0,0,0,0,1,0,2,0,-,-,-,-,-,-,-,-,-,5,11,3,4,2024,9,30,0,KIA,NC,0,광주,20500,18:30,21:54,3:24
20240930006,KIA,1,0,5,0,0,0,3,0,2,-,-,-,-,-,-,-,-,-,-,10,15,1,6,2024,9,30,0,KIA,NC,0,광주,20500,18:30,21:54,3:24
