Year,Rank,TeamID,Team,Games,W,L,D,BA,ERA,WPCT,PS,oWAR,OPS,wRC+,R,pWAR_sum,FIP,WHIP,Total_RA,Pyth_WPCT
1982,1,OB,OB 베어스,80,56,24,0,283,3.2,700,1,17.330000000000002,0.7191111111111111,98.52777777777777,399.0,17.34,3.8957142857142855,1.3671428571428572,318.0,611.5471045784633
1982,2,SS,삼성 라이온즈,80,54,26,0,266,2.7,675,2,18.78,0.6898235294117647,95.81176470588235,414.0,22.14,3.965,1.3816666666666666,257.0,721.8345300986678
1982,3,LG,MBC 청룡,80,46,34,0,282,3.51,575,0,17.99,0.6922222222222223,86.57777777777777,419.0,14.44,4.03875,1.42625,350.0,589.0103032580948
1982,4,HT,해태 타이거즈,80,38,42,0,261,3.79,475,0,13.8,0.6304666666666667,70.81333333333333,373.0,6.81,4.38,1.564,344.0,540.3802458565615
1982,5,LT,롯데 자이언츠,80,31,49,0,256,3.95,388,0,13.64,0.6793571428571428,88.99285714285715,350.0,9.65,4.18,1.73875,385.0,452.48868778113405
1982,6,WO,삼미 슈퍼스타즈,80,15,65,0,240,6.23,188,0,0.0,0.0,0.0,0.0,0.0,0.0,0.0,0.0,0.0
1983,1,LG,MBC 청룡,100,55,43,2,255,2.71,561,2,14.99,0.564391304347826,49.93478260869565,412.0,15.35,3.9579999999999997,1.476,335.0,601.9952547953782
1983,2,HT,해태 타이거즈,100,55,44,1,268,3.17,556,1,20.35,0.6138888888888889,74.31666666666666,422.0,15.89,3.7800000000000002,2.1855555555555557,384.0,547.0418381748877
1983,3,WO,삼미 슈퍼스타즈,100,52,47,1,245,3.04,525,0,0.0,0.0,0.0,0.0,0.0,0.0,0.0,0.0,0.0
1983,4,SS,삼성 라이온즈,100,46,50,4,263,3.42,479,0,23.36,0.6393809523809524,84.39047619047619,448.0,13.29,3.63,1.37875,418.0,534.6005092839783
1983,5,OB,OB 베어스,100,44,55,1,259,3.52,444,0,17.5,0.5933333333333333,68.21111111111111,418.0,9.79,3.914444444444444,1.3766666666666667,432.0,483.53387869731245
1983,6,LT,롯데 자이언츠,100,43,56,1,244,3.79,434,0,15.299999999999999,0.5692,59.67,365.0,7.4399999999999995,4.449999999999999,1.508888888888889,464.0,382.2581709556031
1984,1,OB,OB 베어스,100,58,41,1,256,2.53,586,0,17.95,0.56948,59.628,382.0,21.54,3.8025,1.2825,298.0,621.6727446209159
1984,2,SS,삼성 라이온즈,100,55,45,0,270,3.35,550,2,23.18,0.6515652173913044,84.51304347826088,435.0,14.889999999999999,3.6075,1.6441666666666668,379.0,568.4719977391248
1984,3,LG,MBC 청룡,100,51,48,1,253,3.18,515,0,14.8,0.5807272727272728,57.46363636363637,375.0,9.29,3.755714285714286,1.3814285714285715,374.0,501.3351111029859
1984,4,LT,롯데 자이언츠,100,50,48,2,257,3.31,510,1,19.150000000000002,0.62595,76.41,405.0,13.09,3.97,1.5433333333333332,390.0,518.8612099627716
1984,5,HT,해태 타이거즈,100,43,54,3,248,3.16,443,0,16.2,0.6121666666666666,70.67777777777778,369.0,13.35,3.3333333333333335,1.34,398.0,462.2443263780074
1984,6,WO,삼미 슈퍼스타즈,100,38,59,3,237,4.05,392,0,0.0,0.0,0.0,0.0,0.0,0.0,0.0,0.0,0.0
1985,1,SS,삼성 라이온즈,110,77,32,1,276,2.98,706,0,25.22,0.6033999999999999,57.675999999999995,552.0,23.529999999999998,3.804,1.583,379.0,679.6194894541488
1985,2,LT,롯데 자이언츠,110,59,51,0,256,3.05,536,0,14.94,0.6207894736842106,69.27894736842104,426.0,16.15,3.749166666666667,1.4791666666666667,420.0,507.09184186559844
1985,3,HT,해태 타이거즈,110,57,52,1,272,3.64,523,0,21.22,0.57415,50.339999999999996,483.0,12.42,4.251818181818182,1.510909090909091,447.0,538.6517601084773
1985,4,OB,OB 베어스,110,51,57,2,260,3.14,472,0,14.27,0.6176071428571428,69.73214285714286,472.0,17.37,3.649090909090909,1.339090909090909,416.0,562.8132578805507
1985,5,LG,MBC 청룡,110,44,65,1,246,3.24,404,0,3.6000000000000005,0.543,34.74090909090909,345.0,12.709999999999999,4.203636363636364,1.4545454545454546,369.0,466.4244903699011
1985,6,WO,청보 핀토스,110,39,70,1,252,4.87,358,0,0.0,0.0,0.0,0.0,0.0,0.0,0.0,0.0,0.0
1986,1,SS,삼성 라이온즈,108,70,37,1,276,2.95,654,2,30.650000000000002,0.6457599999999999,86.904,475.0,19.56,3.726923076923077,1.386923076923077,369.0,623.6421530943054
1986,2,HT,해태 타이거즈,108,67,37,4,259,2.86,644,1,23.61,0.6006842105263158,66.11052631578947,474.0,18.89,3.3592307692307695,1.6007692307692307,369.0,622.6523333232938
1986,3,LG,MBC 청룡,108,59,41,8,265,2.79,590,0,21.52,0.5544782608695652,54.01739130434782,432.0,17.79,3.022,1.423,361.0,588.8214043427446
1986,4,OB,OB 베어스,108,56,48,4,249,2.61,538,3,14.94,0.6001153846153846,77.26923076923077,369.0,15.27,3.518333333333333,1.2408333333333335,307.0,590.9509135862552
1986,5,LT,롯데 자이언츠,108,50,52,6,248,2.74,490,0,16.93,0.6526363636363637,93.75,373.0,19.19,3.838333333333333,1.4341666666666668,360.0,517.7297574861004
1986,6,WO,청보 핀토스,108,32,74,2,219,3.99,302,0,0.0,0.0,0.0,0.0,0.0,0.0,0.0,0.0,0.0
1986,7,HH,빙그레 이글스,108,31,76,1,236,3.65,290,0,15.4,0.4764666666666667,31.026666666666664,333.0,6.739999999999999,5.043333333333333,1.5941666666666665,467.0,337.071171931445
1987,1,SS,삼성 라이온즈,108,64,44,0,300,3.58,593,2,37.01,0.7083181818181818,98.5909090909091,583.0,17.98,6.356,2.042666666666667,427.0,650.8565388388549
1987,2,HT,해태 타이거즈,108,55,48,5,252,3.16,532,1,14.74,0.622,69.035,393.0,16.52,3.8125,1.5175,401.0,489.92545598575754
1987,3,LT,롯데 자이언츠,108,54,49,5,268,3.36,523,0,21.16,0.5348076923076923,42.53076923076924,432.0,17.84,3.485454545454546,1.4018181818181819,404.0,533.4552938470916
1987,4,OB,OB 베어스,108,55,52,1,261,3.26,514,3,14.67,0.5510416666666667,43.050000000000004,415.0,14.52,5.717692307692308,1.7307692307692308,394.0,525.9404936755036
1987,5,LG,MBC 청룡,108,50,51,7,258,3.36,495,0,11.5,0.5406799999999999,38.284,388.0,14.219999999999999,3.6060000000000003,1.41,407.0,476.1142719779498
1987,6,HH,빙그레 이글스,108,47,57,4,274,3.78,454,0,18.259999999999998,0.6213478260869565,68.51739130434783,410.0,14.74,5.106923076923077,1.7446153846153847,454.0,449.2058062711129
1987,7,WO,청보 핀토스,108,41,65,2,242,4.36,389,0,0.0,0.0,0.0,0.0,0.0,0.0,0.0,0.0,0.0
1988,1,HT,해태 타이거즈,108,68,38,2,283,2.86,639,1,26.939999999999998,0.6128,63.855,505.0,24.66,5.095,1.7458333333333333,364.0,658.0933678415929
1988,2,HH,빙그레 이글스,108,62,45,1,266,3.72,579,2,19.35,0.59864,57.488,506.0,18.0,4.1641176470588235,1.6858823529411764,441.0,568.3159569992513
1988,3,LT,롯데 자이언츠,108,57,49,2,270,3.63,537,0,19.53,0.6288461538461539,73.26923076923077,482.0,15.39,4.1241666666666665,1.5625,438.0,547.7169423423084
1988,4,SS,삼성 라이온즈,108,56,50,2,278,4.18,528,3,25.060000000000002,0.6718695652173913,86.07391304347826,516.0,13.9,5.131333333333333,1.6380000000000001,486.0,529.9133051504822
1988,5,OB,OB 베어스,108,54,52,2,258,3.73,509,0,13.049999999999999,0.5109259259259259,20.425925925925927,418.0,13.059999999999999,4.382727272727273,1.3909090909090909,441.0,473.2438618099071
1988,6,LG,MBC 청룡,108,40,64,4,260,3.96,389,0,12.56,0.5136785714285714,28.435714285714283,408.0,7.8500000000000005,4.107777777777778,1.48,491.0,408.4555079797115
1988,7,WO,태평양 돌핀스,108,34,73,1,261,4.57,319,0,0.0,0.0,0.0,0.0,0.0,0.0,0.0,0.0,0.0
1989,1,HH,빙그레 이글스,120,71,46,3,276,3.47,604,2,30.23,0.66836,85.696,594.0,23.72,4.194375,1.908125,471.0,613.9727185869385
1989,2,HT,해태 타이거즈,120,65,51,4,255,3.34,558,1,21.02,0.6058636363636364,66.37727272727273,500.0,21.9,889.6492857142857,8.680714285714284,442.0,561.3385904550854
1989,3,WO,태평양 돌핀스,120,62,54,4,249,3.03,533,3,0.0,0.0,0.0,0.0,0.0,0.0,0.0,0.0,0.0
1989,4,SS,삼성 라이온즈,120,57,58,5,272,4.42,496,4,26.47,0.6581428571428571,85.60000000000001,580.0,13.08,4.731111111111111,1.6905555555555556,588.0,493.15100623842886
1989,5,OB,OB 베어스,120,54,63,3,247,3.7,463,0,12.09,0.5015357142857143,24.192857142857143,447.0,14.21,4.492777777777778,1.6005555555555555,481.0,463.4111835228253
1989,6,LG,MBC 청룡,120,49,67,4,252,4.27,425,0,17.5,0.54644,45.488,488.0,5.98,4.0737499999999995,1.5,577.0,417.01148539605794
1989,7,LT,롯데 자이언츠,120,48,67,5,247,3.91,421,0,17.73,0.5932413793103448,69.00344827586207,419.0,15.04,4.892857142857143,1.5678571428571428,520.0,393.66895311385144
1990,1,LG,LG 트윈스,120,71,49,0,271,3.38,592,1,23.36,0.62292,67.89200000000001,578.0,22.12,4.175625,1.505625,457.0,615.331910197731
1990,2,HT,해태 타이거즈,120,68,49,3,270,3.36,579,3,26.87,0.5500434782608695,40.869565217391305,538.0,24.43,4.767692307692308,1.533076923076923,458.0,579.8064133575989
1990,3,HH,빙그레 이글스,120,68,50,2,270,3.4,575,4,30.86,0.6025185185185186,60.6888888888889,610.0,23.01,8.998666666666669,1.7973333333333334,481.0,616.6098554825968
1990,4,SS,삼성 라이온즈,120,66,52,2,263,4.13,558,2,26.68,0.6776800000000001,99.7423076923077,597.0,13.99,4.867333333333333,1.6239999999999999,558.0,533.7277787503632
1990,5,WO,태평양 돌핀스,120,58,59,3,246,3.68,496,0,0.0,0.0,0.0,0.0,0.0,0.0,0.0,0.0,0.0
1990,6,LT,롯데 자이언츠,120,44,71,5,245,4.44,388,0,16.1,0.5346451612903226,56.0,453.0,11.07,348.8555555555556,7.003333333333334,569.0,387.9407149736508
1990,7,OB,OB 베어스,120,35,80,5,231,4.72,313,0,7.629999999999999,0.5733846153846154,50.41923076923077,402.0,2.48,4.40421052631579,1.708421052631579,616.0,298.68036816564023
1991,1,HT,해태 타이거즈,126,79,42,5,259,2.89,647,1,30.1,0.5534166666666667,45.55833333333334,618.0,31.04,3.513333333333333,1.42,409.0,695.4124598270311
1991,2,HH,빙그레 이글스,126,72,49,5,274,3.28,591,2,34.739999999999995,0.6871923076923078,87.28461538461539,644.0,25.23,3.706153846153846,1.4507692307692308,493.0,630.503888047568
1991,3,SS,삼성 라이온즈,126,70,55,1,272,4.23,560,3,30.49,0.6358709677419355,74.12903225806451,639.0,17.37,4.626,1.4573333333333334,549.0,575.3252682027959
1991,4,LT,롯데 자이언츠,126,61,62,3,260,4.03,496,4,22.830000000000002,0.5328387096774194,40.903225806451616,583.0,18.02,4.39875,1.603125,553.0,526.390046119817
1991,5,WO,태평양 돌핀스,126,55,69,2,238,4.02,444,0,0.0,0.0,0.0,0.0,0.0,0.0,0.0,0.0,0.0
1991,6,LG,LG 트윈스,126,53,72,1,244,4.35,425,0,9.32,0.5609677419354839,45.74193548387097,472.0,8.41,5.251904761904762,1.6823809523809523,608.0,376.0397536992681
1991,7,SK,쌍방울 레이더스,126,52,71,3,253,4.69,425,0,0.0,0.0,0.0,0.0,0.0,0.0,0.0,0.0,0.0
1991,8,OB,OB 베어스,126,51,73,2,250,4.21,413,0,14.540000000000001,0.6296923076923077,72.38846153846154,499.0,11.35,4.84,1.5578947368421054,593.0,414.5525680505876
1992,1,HH,빙그레 이글스,126,81,43,2,267,3.68,651,2,25.75,0.6355652173913043,61.29130434782609,657.0,23.89,4.874,1.6133333333333333,520.0,614.8416990828064
1992,2,HT,해태 타이거즈,126,71,54,1,272,4.21,567,3,30.03,0.6485454545454545,66.89545454545454,701.0,20.55,4.530769230769231,1.5130769230769232,571.0,601.1447907000116
1992,3,LT,롯데 자이언츠,126,71,55,0,288,4.28,563,1,30.34,0.621551724137931,62.61379310344827,663.0,22.76,5.519333333333334,1.7353333333333334,581.0,565.6312328689336
1992,4,SS,삼성 라이온즈,126,67,57,2,265,4.55,540,4,22.06,0.6162857142857143,56.74857142857143,632.0,13.69,4.6693750000000005,1.7068750000000001,563.0,557.5487197661653
1992,5,OB,OB 베어스,126,56,66,4,259,4.22,460,0,16.4,0.5966538461538462,48.223076923076924,547.0,14.959999999999999,5.114285714285715,1.572857142857143,582.0,469.02887920758286
1992,6,WO,태평양 돌핀스,126,56,67,3,256,4.48,456,0,0.0,0.0,0.0,0.0,0.0,0.0,0.0,0.0,0.0
1992,7,LG,LG 트윈스,126,53,70,3,257,4.29,433,0,13.49,0.5718518518518518,47.170370370370364,545.0,11.86,5.066842105263158,1.6994736842105262,617.0,438.27484750139695
1992,8,SK,쌍방울 레이더스,126,41,84,1,249,4.85,329,0,0.0,0.0,0.0,0.0,0.0,0.0,0.0,0.0,0.0
1993,1,HT,해태 타이거즈,126,81,42,3,251,2.92,655,1,28.61,0.5510909090909091,60.60909090909092,513.0,22.520000000000003,3.974285714285714,1.5371428571428571,420.0,598.6978153586838
1993,2,SS,삼성 라이온즈,126,73,48,5,271,2.95,599,2,39.35,0.6078846153846154,75.12307692307692,615.0,23.790000000000003,3.9405882352941184,1.5294117647058822,433.0,668.5798831199713
1993,3,OB,OB 베어스,126,66,55,5,258,2.89,544,4,26.85,0.59,73.6962962962963,473.0,20.76,4.923529411764706,1.4905882352941175,405.0,576.986955645649
1993,4,LG,LG 트윈스,126,66,57,3,256,3.07,536,3,24.54,0.58124,75.43846153846154,476.0,14.74,4.138,1.4066666666666667,440.0,539.240699134317
1993,5,HH,빙그레 이글스,126,61,61,4,238,3.46,500,0,21.23,0.6366071428571428,88.33214285714287,455.0,11.870000000000001,3.531428571428571,1.3407142857142857,491.0,462.0000624841845
1993,6,LT,롯데 자이언츠,126,62,63,1,248,3.33,496,0,19.35,0.5563571428571429,62.028571428571425,452.0,17.919999999999998,5.506666666666666,2.032777777777778,462.0,489.0603904734695
1993,7,SK,쌍방울 레이더스,126,43,78,5,225,4.0,361,0,0.0,0.0,0.0,0.0,0.0,0.0,0.0,0.0,0.0
1993,8,WO,태평양 돌핀스,126,34,82,10,224,3.58,310,0,0.0,0.0,0.0,0.0,0.0,0.0,0.0,0.0,0.0
1994,1,LG,LG 트윈스,126,81,45,0,282,3.14,643,1,38.58,0.5378333333333333,35.40416666666667,655.0,22.099999999999998,3.8305555555555557,1.2544444444444445,452.0,677.412529663607
1994,2,WO,태평양 돌핀스,126,68,55,3,244,3.5,552,2,0.0,0.0,0.0,0.0,0.0,0.0,0.0,0.0,0.0
1994,3,HH,한화 이글스,126,65,59,2,247,3.52,524,3,16.53,0.5569000000000001,53.36666666666667,482.0,18.29,4.954375,1.6131250000000001,510.0,471.79666303739907
1994,4,HT,해태 타이거즈,126,65,59,2,271,3.6,524,4,26.080000000000002,0.5738888888888889,59.0074074074074,563.0,21.87,4.425714285714286,1.3628571428571428,495.0,564.0078007940227
1994,5,SS,삼성 라이온즈,126,60,64,2,260,3.47,484,0,27.43,0.5446896551724137,48.70344827586207,541.0,21.52,4.882631578947368,1.786842105263158,482.0,557.4823096912268
1994,6,LT,롯데 자이언츠,126,56,67,3,257,4.44,456,0,19.01,0.5587241379310345,58.717241379310344,489.0,11.71,4.476842105263158,2.288421052631579,604.0,395.93699342746686
1994,7,OB,OB 베어스,126,53,72,1,246,3.46,425,0,14.14,0.5711515151515151,58.381818181818176,477.0,14.3,3.8200000000000003,1.4220000000000002,507.0,469.5405074096027
1994,8,SK,쌍방울 레이더스,126,47,74,5,248,4.74,393,0,0.0,0.0,0.0,0.0,0.0,0.0,0.0,0.0,0.0
1995,1,OB,OB 베어스,126,74,47,5,266,3.42,607,1,28.51,0.5691304347826087,54.85217391304347,629.0,19.44,3.974444444444445,1.5422222222222222,500.0,612.7879115474191
1995,2,LG,LG 트윈스,126,74,48,4,257,3.21,603,3,25.4,0.6595185185185185,94.45185185185184,527.0,20.49,3.278235294117647,1.4541176470588235,456.0,571.8530262617816
1995,3,LT,롯데 자이언츠,126,68,53,5,255,3.47,560,2,25.490000000000002,0.5432692307692307,66.28888888888889,590.0,22.44,4.676842105263158,1.571578947368421,493.0,588.8532332786001
1995,4,HT,해태 타이거즈,126,64,58,4,242,3.06,524,0,15.58,0.5261666666666667,41.95666666666667,431.0,27.71,3.451333333333333,7.831999999999999,434.0,496.5318336229133
1995,5,SS,삼성 라이온즈,126,60,60,6,250,3.9,500,0,23.24,0.5198064516129033,45.86774193548387,558.0,17.64,5.728235294117646,1.714705882352941,514.0,540.9757453600997
1995,6,HH,한화 이글스,126,55,71,0,249,4.04,437,0,22.81,0.6025555555555555,69.06296296296297,510.0,10.71,6.055294117647058,2.16,566.0,448.0959797117299
1995,7,WO,태평양 돌핀스,126,48,73,5,234,3.92,401,0,0.0,0.0,0.0,0.0,0.0,0.0,0.0,0.0,0.0
1995,8,SK,쌍방울 레이더스,126,45,78,3,254,4.67,369,0,0.0,0.0,0.0,0.0,0.0,0.0,0.0,0.0,0.0
1996,1,HT,해태 타이거즈,126,73,51,2,245,3.14,587,1,24.04,0.5387741935483872,53.30967741935484,554.0,27.58,4.289333333333333,1.5333333333333334,441.0,612.1217318799032
1996,2,SK,쌍방울 레이더스,126,70,54,2,264,3.33,563,3,0.0,0.0,0.0,0.0,0.0,0.0,0.0,0.0,0.0
1996,3,HH,한화 이글스,126,70,55,1,245,3.79,560,4,21.39,0.5390645161290322,42.03548387096774,522.0,14.77,4.542777777777777,1.596111111111111,532.0,490.5131879280037
1996,4,WO,현대 유니콘스,126,67,54,5,243,3.04,552,2,17.09,0.6038461538461538,70.86538461538461,492.0,21.85,3.703888888888889,1.4655555555555555,454.0,540.1044223291086
1996,5,LT,롯데 자이언츠,126,57,63,6,274,4.16,476,0,31.01,0.6056206896551724,71.2655172413793,566.0,15.58,4.043684210526315,1.5231578947368423,580.0,487.78541802360724
1996,6,SS,삼성 라이온즈,126,54,67,5,249,4.23,448,0,21.68,0.5299166666666667,44.87777777777777,510.0,12.370000000000001,4.929444444444445,1.6811111111111112,539.0,472.37573575931106
1996,7,LG,LG 트윈스,126,50,71,5,246,4.11,417,0,21.47,0.5901785714285713,59.28928571428571,525.0,6.79,4.764736842105263,1.6178947368421053,593.0,439.40128237350916
1996,8,OB,OB 베어스,126,47,73,6,242,3.69,397,0,13.129999999999999,0.5333076923076923,38.15769230769231,446.0,12.34,4.8910526315789475,1.546315789473684,520.0,423.84235781344796
1997,1,HT,해태 타이거즈,126,75,50,1,258,3.65,599,1,26.07,0.5576896551724138,41.351724137931036,616.0,22.86,4.548,1.4406666666666665,510.0,593.3116099284608
1997,2,LG,LG 트윈스,126,73,51,2,267,3.78,587,2,25.73,0.7000869565217391,94.05217391304348,590.0,19.81,4.999499999999999,1.356,512.0,570.427566677312
1997,3,SK,쌍방울 레이더스,126,71,53,2,269,3.82,571,4,0.0,0.0,0.0,0.0,0.0,0.0,0.0,0.0,0.0
1997,4,SS,삼성 라이온즈,126,66,53,7,277,4.23,552,3,36.8,0.61744,65.292,722.0,16.11,4.751666666666667,1.7044444444444444,589.0,600.415800415109
1997,5,OB,OB 베어스,126,57,64,5,254,3.84,472,0,15.99,0.6106551724137931,61.96551724137931,511.0,15.23,4.168235294117647,1.6647058823529413,551.0,462.3885734919794
1997,6,WO,현대 유니콘스,126,51,71,4,247,4.21,421,0,14.389999999999999,0.5575151515151515,46.64848484848485,497.0,11.61,4.671333333333333,1.4133333333333333,582.0,421.7092088026085
1997,7,HH,한화 이글스,126,51,73,2,253,4.06,413,0,16.61,0.6390625,70.73125,481.0,14.330000000000002,369.47352941176473,7.352941176470588,554.0,429.8177332480678
1997,8,LT,롯데 자이언츠,126,48,77,1,237,4.58,385,0,8.469999999999999,0.5760714285714286,58.43571428571429,434.0,12.08,4.8061904761904755,1.6676190476190478,621.0,328.1480565223718
1998,1,WO,현대 유니콘스,126,81,45,0,270,3.03,643,1,28.330000000000002,0.6820416666666667,82.08333333333333,633.0,28.01,4.268235294117647,1.3494117647058825,445.0,669.2494245989417
1998,2,SS,삼성 라이온즈,126,66,58,2,268,4.32,532,3,28.4,0.59816,77.39999999999999,620.0,16.99,5.101764705882353,1.5605882352941176,584.0,529.8736243128048
1998,3,LG,LG 트윈스,126,63,62,1,267,4.18,504,2,25.6,0.6548499999999999,81.74761904761905,608.0,12.69,4.672222222222222,1.5533333333333335,586.0,518.4192073591024
1998,4,OB,OB 베어스,126,61,62,3,256,3.6,496,4,15.73,0.49430434782608695,20.613043478260867,520.0,19.35,7.944999999999999,2.9227777777777777,506.0,513.6426840099963
1998,5,HT,해태 타이거즈,126,61,64,1,258,3.91,488,0,17.91,0.5571153846153846,48.30384615384616,489.0,19.689999999999998,4.256,1.6186666666666667,531.0,458.89322601728924
1998,6,SK,쌍방울 레이더스,126,58,66,2,261,4.04,468,0,0.0,0.0,0.0,0.0,0.0,0.0,0.0,0.0,0.0
1998,7,HH,한화 이글스,126,55,66,5,250,4.26,455,0,15.15,0.528423076923077,32.684615384615384,503.0,12.899999999999999,4.248571428571429,1.4435714285714287,578.0,430.9521660104431
1998,8,LT,롯데 자이언츠,126,50,72,4,255,4.61,410,0,18.32,0.5858965517241379,58.08275862068966,536.0,11.04,5.142941176470589,1.8370588235294119,646.0,407.7364563754127
1999,1,OB,두산 베어스,132,76,51,5,284,4.58,598,3,26.03,0.6922857142857143,69.96666666666667,721.0,22.56,5.5905555555555555,1.8483333333333332,657.0,546.344154956388
1999,2,LT,롯데 자이언츠,132,75,52,5,291,4.18,591,2,28.529999999999998,0.668,62.1409090909091,753.0,30.77,5.56,1.5621052631578947,590.0,619.6081559676282
1999,3,SS,삼성 라이온즈,132,73,57,2,273,5.16,562,3,25.18,0.6301818181818182,61.53181818181818,748.0,20.6,5.468421052631579,1.7015789473684209,748.0,499.9999999995532
1999,4,HH,한화 이글스,132,72,58,2,283,4.88,554,1,27.31,0.62048,51.931999999999995,731.0,20.049999999999997,6.560555555555556,1.8072222222222223,701.0,520.940530063971
1999,5,WO,현대 유니콘스,132,68,59,5,272,4.47,535,0,21.36,0.7106923076923077,79.95384615384616,699.0,22.810000000000002,5.406000000000001,1.6720000000000002,642.0,542.4289354043036
1999,6,LG,LG 트윈스,132,61,70,1,281,5.49,466,0,23.66,0.6280869565217391,46.09130434782608,744.0,12.36,5.4708000000000006,1.5752000000000002,736.0,505.40524747222014
1999,7,HT,해태 타이거즈,132,60,69,3,278,5.21,465,0,29.99,0.7777916666666668,96.99166666666667,765.0,17.4,6.02125,1.55125,743.0,514.585755059454
1999,8,SK,쌍방울 레이더스,132,28,97,7,248,5.85,224,0,0.0,0.0,0.0,0.0,0.0,0.0,0.0,0.0,0.0
2000,1,WO,현대 유니콘스,133,91,40,2,278,3.64,695,1,33.800000000000004,0.69908,71.54,777.0,29.580000000000002,3.671764705882353,1.4641176470588235,520.0,690.6635061865118
2000,2,OB,두산 베어스,133,76,57,0,289,4.22,571,2,30.25,0.6092272727272727,50.300000000000004,694.0,21.060000000000002,5.257894736842106,1.7573684210526317,616.0,559.3316393596047
2000,3,SS,삼성 라이온즈,133,69,59,5,269,4.64,539,3,25.23,0.6791904761904762,71.9047619047619,744.0,20.99,5.805789473684211,1.6736842105263159,670.0,552.1908630570409
2000,4,LG,LG 트윈스,133,67,63,3,273,4.45,515,3,25.169999999999998,0.7417407407407408,98.18518518518519,687.0,20.86,140.16260869565218,6.14304347826087,631.0,542.412053370712
2000,5,LT,롯데 자이언츠,133,65,64,4,260,4.02,504,4,13.67,0.5771851851851851,36.85925925925926,603.0,27.01,4.410555555555556,1.4183333333333334,579.0,520.2962009007365
2000,6,HT,해태 타이거즈,133,57,72,4,252,4.95,442,0,12.68,0.65428,69.81599999999999,588.0,16.07,5.401111111111111,1.6172222222222221,728.0,394.80752014279
2000,7,HH,한화 이글스,133,50,78,5,276,5.24,391,0,25.93,0.6727727272727273,69.7,680.0,11.940000000000001,6.315714285714286,1.8133333333333332,776.0,434.35132860365593
2000,8,SK,SK 와이번스,133,44,86,3,260,5.99,338,0,12.610000000000001,0.6090322580645161,52.79354838709677,602.0,3.6500000000000004,5.829999999999999,1.8936363636363636,847.0,335.6173707851863
2001,1,SS,삼성 라이온즈,133,81,52,0,277,4.39,609,2,24.720000000000002,0.6176400000000001,52.208,739.0,25.28,6.662727272727272,2.275,644.0,568.3686542320362
2001,2,WO,현대 유니콘스,133,72,57,4,268,4.34,558,3,23.24,0.63332,52.904,711.0,21.55,4.254444444444444,1.6227777777777779,610.0,576.0128802745422
2001,3,OB,두산 베어스,133,65,63,5,276,4.96,508,1,24.310000000000002,0.6424444444444445,56.907407407407405,732.0,12.46,6.010833333333333,1.9845833333333334,733.0,499.3174064609232
2001,4,HH,한화 이글스,133,61,68,4,275,4.82,473,4,22.48,0.5593793103448277,35.48275862068966,659.0,17.689999999999998,120.08814814814815,5.401851851851852,733.0,446.9888942634633
2001,5,HT,HT 타이거즈,133,60,68,5,278,5.01,469,0,21.47,0.7163953488372093,78.72325581395349,696.0,17.09,5.5649999999999995,1.65975,727.0,478.22537255183823
2001,6,LG,LG 트윈스,133,58,67,8,276,5.09,464,0,20.92,0.6081379310344828,67.38333333333334,668.0,13.85,630.7891666666667,5.920833333333333,732.0,454.3810485837206
2001,7,SK,SK 와이번스,133,60,71,2,260,4.38,458,0,11.120000000000001,0.59175,50.732142857142854,596.0,20.67,6.62,1.6847058823529413,640.0,464.4463504941522
2001,8,LT,롯데 자이언츠,133,59,70,4,280,4.68,457,0,25.2,0.6287931034482759,57.56206896551724,718.0,19.720000000000002,160.6175,6.6625,670.0,534.5408243671512
2002,1,SS,삼성 라이온즈,133,82,47,4,284,3.92,636,1,39.56,0.6371666666666667,62.37083333333334,777.0,25.1,4.493888888888889,1.5,581.0,641.3846954704275
2002,2,HT,HT 타이거즈,133,78,51,4,269,3.92,605,3,27.029999999999998,0.635888888888889,63.34444444444444,641.0,24.22,5.7034782608695656,1.6539130434782607,580.0,549.8346672797117
2002,3,WO,현대 유니콘스,133,70,58,5,261,4.23,547,4,26.33,0.6581538461538462,69.62307692307692,658.0,16.37,4.212105263157895,1.832105263157895,592.0,552.6532112707835
2002,4,LG,LG 트윈스,133,66,61,6,261,3.93,520,2,18.45,0.5716785714285715,41.46071428571429,583.0,21.6,5.328695652173913,1.5943478260869566,575.0,506.9081331627574
2002,5,OB,두산 베어스,133,66,65,2,261,3.93,504,0,20.57,0.6206666666666667,60.62380952380952,587.0,19.66,4.565,1.7116666666666667,562.0,521.747754813243
2002,6,SK,SK 와이번스,133,61,69,3,270,4.47,469,0,25.72,0.6484583333333334,80.108,617.0,16.32,145.51545454545456,5.841363636363636,638.0,483.2716161434353
2002,7,HH,한화 이글스,133,59,69,5,256,4.79,461,0,21.86,0.5758148148148149,44.41851851851852,602.0,12.969999999999999,4.9626086956521736,2.0556521739130433,672.0,445.22032265777233
2002,8,LT,롯데 자이언츠,133,35,97,1,245,4.72,265,0,5.38,0.5541515151515152,37.50909090909091,463.0,6.96,4.2476,1.5396,703.0,302.53408940116327
2003,1,WO,현대 유니콘스,133,80,51,2,286,4.13,611,1,36.26,0.7451363636363637,96.15454545454546,723.0,18.88,4.952222222222222,1.796111111111111,590.0,600.2659534758255
2003,2,HT,HT 타이거즈,133,78,50,5,272,3.62,609,3,26.24,0.5771538461538461,42.53076923076923,657.0,26.23,4.8966666666666665,1.618095238095238,527.0,608.4894090307164
2003,3,SS,삼성 라이온즈,133,76,53,4,284,4.37,589,4,36.699999999999996,0.5225652173913043,16.182608695652174,769.0,20.03,5.333043478260869,1.7386956521739132,613.0,611.4596796701462
2003,4,SK,SK 와이번스,133,66,64,3,272,4.44,508,2,26.23,0.59175,43.37916666666667,644.0,15.06,4.75,1.5394736842105263,642.0,501.5552061911942
2003,5,HH,한화 이글스,133,63,65,5,254,4.37,492,0,19.93,0.5193333333333333,28.56666666666667,577.0,20.83,6.5444,1.918,617.0,466.5367185238229
2003,6,LG,LG 트윈스,133,60,71,2,249,3.98,458,0,9.82,0.5371290322580645,22.3,507.0,17.88,4.910909090909091,1.6990909090909092,579.0,433.9917945593645
2003,7,OB,두산 베어스,133,57,74,2,276,4.24,435,0,21.470000000000002,0.6360399999999999,57.992,563.0,17.1,128.8884,5.558,619.0,452.72877894040715
2003,8,LT,롯데 자이언츠,133,39,91,3,256,5.01,300,0,7.040000000000001,0.5982258064516129,46.7,491.0,6.66,4.9714285714285715,1.5342857142857143,707.0,325.3762163762766
2004,1,WO,현대 유니콘스,133,75,53,5,275,4.06,586,1,32.97,0.8573157894736843,134.63684210526318,692.0,23.96,4.778421052631579,1.6026315789473684,590.0,579.0626919665438
2004,2,SS,삼성 라이온즈,133,73,52,8,269,3.76,584,2,24.84,0.5669583333333333,38.225,641.0,24.06,4.931111111111111,1.3811111111111112,564.0,563.6405538164254
2004,3,OB,두산 베어스,133,70,62,1,268,3.88,530,3,18.0,0.5546428571428571,27.575,606.0,24.27,4.868095238095238,1.657142857142857,560.0,539.389808998732
2004,4,HT,HT 타이거즈,133,67,61,5,267,4.51,523,4,28.37,0.6523181818181818,71.14999999999999,643.0,19.51,5.945714285714286,1.897142857142857,637.0,504.6873970048208
2004,5,SK,SK 와이번스,133,61,64,8,272,4.4,488,0,27.19,0.5183703703703704,23.67407407407407,655.0,15.55,4.508,1.5844999999999998,644.0,508.46744516455664
2004,6,LG,LG 트윈스,133,59,70,4,259,4.31,457,0,15.940000000000001,0.4746774193548387,6.941935483870969,588.0,14.61,5.4653846153846155,1.6296153846153845,637.0,460.06389776296606
2004,7,HH,한화 이글스,133,53,74,6,268,5.21,417,0,25.19,0.6480625,72.01875,632.0,9.8,5.6812000000000005,1.6103999999999998,740.0,421.7675581606994
2004,8,LT,롯데 자이언츠,133,50,72,11,252,4.22,410,0,12.41,0.5063235294117647,19.073529411764707,533.0,17.93,4.185652173913043,1.566521739130435,608.0,434.5509695551155
2005,1,SS,삼성 라이온즈,126,74,48,4,268,3.83,607,1,26.09,0.6036521739130435,55.408695652173904,614.0,23.14,4.240555555555556,1.295,528.0,574.8818201217254
2005,2,OB,두산 베어스,126,72,51,3,270,3.42,585,2,21.39,0.5907083333333333,56.50833333333333,595.0,28.939999999999998,4.494736842105263,6.645263157894736,465.0,620.8241999112305
2005,3,SK,SK 와이번스,126,70,50,6,269,3.41,583,4,26.240000000000002,0.7145217391304348,95.90869565217392,589.0,27.14,885.1962962962963,5.108148148148148,485.0,595.9346967932513
2005,4,HH,한화 이글스,126,64,61,1,270,4.41,512,3,27.41,0.63356,62.776,621.0,18.13,4.962105263157895,1.7468421052631578,603.0,514.7027027020158
2005,5,LT,롯데 자이언츠,126,58,67,1,253,4.3,464,0,13.2,0.63528,70.724,500.0,17.18,4.038,1.4445000000000001,573.0,432.2798960445831
2005,6,LG,LG 트윈스,126,54,71,1,260,4.9,432,0,17.3,0.6080769230769231,55.0,601.0,8.66,4.698888888888889,1.7233333333333334,666.0,448.83238045714563
2005,7,WO,현대 유니콘스,126,53,70,3,256,4.68,431,0,21.95,0.5778333333333333,45.475,563.0,11.629999999999999,687.3631818181819,6.341363636363636,647.0,430.9114736976488
2005,8,HT,HT 타이거즈,126,49,76,1,260,4.81,392,0,19.12,0.5149642857142858,27.207142857142856,541.0,10.799999999999999,6.5588461538461535,1.8919230769230768,659.0,402.60838943383203
2006,1,SS,삼성 라이온즈,126,73,50,3,255,3.33,593,1,24.25,0.6134736842105264,72.44736842105263,538.0,19.02,3.8786363636363634,2.084090909090909,471.0,566.1108774938319
2006,2,WO,현대 유니콘스,126,70,55,1,270,3.41,560,3,29.04,0.8704761904761905,156.1095238095238,547.0,19.54,4.019,1.4195,467.0,578.4074170003007
2006,3,HH,한화 이글스,126,67,57,2,253,3.35,540,2,25.08,0.6315714285714286,78.6952380952381,511.0,21.28,5.003684210526316,1.6957894736842105,451.0,562.1283814317467
2006,4,HT,HT 타이거즈,126,64,59,3,255,3.33,520,4,19.91,0.6216818181818181,73.52727272727272,476.0,21.95,4.7405,1.6454999999999997,451.0,526.949115881717
2006,5,OB,두산 베어스,126,63,60,3,258,3.36,512,0,18.16,0.5172068965517241,35.12068965517241,455.0,20.37,4.098888888888889,1.4122222222222223,463.0,491.28606482177895
2006,6,SK,SK 와이번스,126,60,65,1,254,3.8,480,0,23.15,0.6649130434782609,90.83913043478262,509.0,12.370000000000001,4.037083333333333,1.63875,535.0,475.11122195524143
2006,7,LT,롯데 자이언츠,126,50,73,3,250,3.86,407,0,19.51,0.5678518518518518,54.81481481481482,488.0,10.879999999999999,3.8145000000000002,1.5485,541.0,448.6299627929193
2006,8,LG,LG 트윈스,126,47,75,4,246,4.22,385,0,14.32,0.5270714285714285,35.98571428571429,457.0,9.33,4.688620689655172,1.726896551724138,574.0,387.9608043460958
2007,1,SK,SK 와이번스,126,73,48,5,264,3.24,603,1,24.58,0.5434166666666667,37.545833333333334,601.0,24.18,5.266842105263159,1.5594736842105263,465.0,625.5364323729352
2007,2,OB,두산 베어스,126,70,54,2,263,3.44,565,2,22.869999999999997,0.56464,42.56,577.0,25.27,753.6065000000001,6.4595,480.0,591.0027710261836
2007,3,HH,한화 이글스,126,67,57,2,254,3.54,540,3,22.84,0.6540833333333333,76.82916666666667,534.0,19.419999999999998,3.9564999999999997,1.54,473.0,560.3545005245579
2007,4,SS,삼성 라이온즈,126,62,60,4,254,3.71,508,4,20.720000000000002,0.5380833333333334,40.0125,495.0,19.66,3.789473684210526,1.3494736842105264,509.0,486.05848769805147
2007,5,LG,LG 트윈스,126,58,62,6,268,4.33,483,0,22.44,0.5090384615384616,25.007692307692306,532.0,13.88,4.384090909090909,1.8363636363636362,600.0,440.1453133935279
2007,6,WO,현대 유니콘스,126,56,69,1,271,4.41,448,0,23.7,0.5406206896551724,40.37931034482759,530.0,11.389999999999999,133.94208333333333,5.991666666666667,615.0,426.1710601169336
2007,7,LT,롯데 자이언츠,126,55,68,3,270,4.12,447,0,20.64,0.5404838709677419,34.2,533.0,15.02,3.751304347826087,1.4673913043478262,554.0,480.68798064232845
2007,8,HT,HT 타이거즈,126,51,74,1,257,4.49,408,0,17.759999999999998,0.6416923076923078,73.33461538461539,499.0,10.46,4.4712,1.6124,602.0,407.2603266240752
2008,1,SK,SK 와이번스,126,83,43,0,282,3.22,659,1,31.23,0.5613571428571429,43.76428571428571,632.0,29.42,4.577826086956522,1.6995652173913045,461.0,652.7122535511318
2008,2,OB,두산 베어스,126,70,56,0,276,3.89,556,2,25.720000000000002,0.6351,68.28,647.0,21.53,3.932916666666667,1.57,542.0,587.6261452910376
2008,3,LT,롯데 자이언츠,126,69,57,0,282,3.64,548,4,28.53,0.6091304347826086,58.16956521739131,624.0,21.67,4.876666666666667,1.6995238095238094,518.0,592.0267599200364
2008,4,SS,삼성 라이온즈,126,65,61,0,258,4.4,516,3,22.0,0.5863846153846154,53.49615384615385,557.0,15.56,5.080384615384616,1.593076923076923,596.0,466.2138504647634
2008,5,HH,한화 이글스,126,64,62,0,254,4.43,508,0,22.62,0.5828800000000001,51.20399999999999,590.0,13.75,6.004,7.0705,594.0,496.62166017939353
2008,6,HT,HT 타이거즈,126,57,69,0,260,4.08,452,0,16.85,0.5392666666666667,37.59666666666667,503.0,16.34,4.6952,5.5412,555.0,450.9691034759908
2008,7,WO,우리 히어로즈,126,50,76,0,266,4.43,397,0,0.0,0.0,0.0,0.0,0.0,0.0,0.0,0.0,0.0
2008,8,LG,LG 트윈스,126,46,80,0,256,4.85,365,0,12.18,0.6646666666666667,83.42962962962963,468.0,9.299999999999999,4.977083333333334,2.0479166666666666,646.0,344.1933557526728
2009,1,HT,HT 타이거즈,133,81,48,4,267,3.92,609,1,20.919999999999998,0.6825,71.75416666666666,706.0,27.77,5.180454545454546,1.6918181818181817,581.0,596.2174505403772
2009,2,SK,SK 와이번스,133,80,47,6,285,3.67,602,2,29.330000000000002,0.7724333333333334,102.2,732.0,32.14,243.63730769230767,9.102692307692307,549.0,639.9999999992356
2009,3,OB,두산 베어스,133,71,60,2,280,4.6,534,3,22.3,0.6735909090909091,63.095454545454544,722.0,21.68,5.210434782608695,1.5804347826086957,662.0,543.2712750429969
2009,4,LT,롯데 자이언츠,133,66,67,0,277,4.75,496,4,19.34,0.62152,48.903999999999996,636.0,21.05,6.1859090909090915,1.8268181818181817,669.0,474.72880335414794
2009,5,SS,삼성 라이온즈,133,64,69,0,275,4.98,481,0,24.52,0.6894782608695652,72.3695652173913,685.0,18.67,5.476666666666667,1.8116666666666665,700.0,489.1709452938683
2009,6,WO,히어로즈,133,60,72,1,272,5.4,451,0,0.0,0.0,0.0,0.0,0.0,0.0,0.0,0.0,0.0
2009,7,LG,LG 트윈스,133,54,75,4,278,5.42,406,0,21.81,0.596551724137931,42.258620689655174,670.0,11.74,6.066296296296296,1.805925925925926,763.0,435.37338432206246
2009,8,HH,한화 이글스,133,46,84,3,269,5.7,346,0,19.76,0.633037037037037,51.977777777777774,657.0,12.05,5.912916666666667,1.82,805.0,399.79567906571816
2010,1,SK,SK 와이번스,133,84,47,2,274,3.71,632,1,24.2,0.6563461538461539,62.392307692307696,704.0,28.75,4.5752,5.521599999999999,545.0,625.2717182171685
2010,2,SS,삼성 라이온즈,133,79,52,2,272,3.94,594,2,29.419999999999998,0.6763478260869565,81.04782608695652,681.0,29.36,4.413,1.3925,575.0,583.7980528350402
2010,3,OB,두산 베어스,133,73,57,3,281,4.62,549,3,31.27,0.759,97.69500000000001,731.0,18.93,120.53999999999999,5.227407407407407,669.0,544.1990300649703
2010,4,LT,롯데 자이언츠,133,69,61,3,288,4.82,519,4,31.21,0.6225217391304347,54.56521739130435,773.0,19.44,6.875454545454545,2.067727272727273,710.0,542.4049294267468
2010,5,HT,HT 타이거즈,133,59,74,0,260,4.39,444,0,18.939999999999998,0.6488076923076923,64.86538461538461,611.0,17.4,4.329090909090909,1.5545454545454547,641.0,476.0520886194169
2010,6,LG,LG 트윈스,133,57,71,5,276,5.23,429,0,25.07,0.5953928571428572,48.42142857142857,688.0,14.19,211.89666666666665,5.043666666666667,739.0,464.3062782925708
2010,7,WO,넥센 히어로즈,133,52,78,3,262,4.55,391,0,16.43,0.5634615384615385,42.05,570.0,19.4,5.307272727272728,1.6354545454545453,652.0,433.19768961174447
2010,8,HH,한화 이글스,133,49,82,2,244,5.43,368,0,9.76,0.5603225806451613,42.932258064516134,543.0,11.73,116.68607142857141,8.851071428571428,763.0,336.1949241630888
2011,1,SS,삼성 라이온즈,133,79,50,4,259,3.35,612,1,22.56,0.59,52.69166666666666,625.0,28.47,4.531304347826087,1.4173913043478261,513.0,597.4741279354085
2011,2,LT,롯데 자이언츠,133,72,56,5,288,4.2,563,3,32.91,0.5879166666666666,52.06666666666666,713.0,22.34,4.9735,1.6155000000000002,619.0,570.2208562801362
2011,3,SK,SK 와이번스,133,71,59,3,263,3.59,546,2,21.53,0.6136333333333333,64.13333333333334,584.0,24.529999999999998,4.179230769230769,1.294230769230769,522.0,555.882257064648
2011,4,HT,HT 타이거즈,133,70,63,0,269,4.1,526,4,29.939999999999998,0.66232,76.704,627.0,17.900000000000002,4.631304347826087,1.4913043478260868,580.0,538.8805654051602
2011,5,OB,두산 베어스,133,61,70,2,271,4.26,466,0,26.7,0.6213333333333333,65.66190476190476,614.0,16.06,128.9508,5.5088,619.0,495.94491664156754
2011,6,LG,LG 트윈스,133,59,72,2,266,4.15,450,0,21.29,0.6052592592592592,56.837037037037035,579.0,15.75,5.019615384615384,2.0080769230769233,620.0,465.84477538041074
2011,7,HH,한화 이글스,133,59,72,2,255,5.11,450,0,16.38,0.5636923076923077,42.892307692307696,568.0,7.91,4.51,1.6316666666666666,727.0,379.04348571833845
2011,8,WO,넥센 히어로즈,133,51,80,2,245,4.36,389,0,12.69,0.5680689655172414,50.682758620689654,512.0,16.46,4.573333333333333,1.515,618.0,407.0129241005499
2012,1,SS,삼성 라이온즈,133,80,51,2,272,3.39,611,1,32.33,0.5211923076923077,38.830769230769235,628.0,26.87,3.3413636363636368,1.155,473.0,638.045147083724
2012,2,SK,SK 와이번스,133,71,59,3,258,3.82,546,2,23.66,0.55659375,48.13125,564.0,18.64,4.513076923076923,1.4561538461538461,528.0,532.9312424599033
2012,3,OB,두산 베어스,133,68,62,3,260,3.58,523,4,17.44,0.6437037037037037,81.46666666666667,524.0,19.73,4.31,1.5836363636363635,519.0,504.7937536874587
2012,4,LT,롯데 자이언츠,133,65,62,6,263,3.48,512,3,21.330000000000002,0.5555384615384615,52.599999999999994,508.0,24.06,4.905,1.7827272727272727,518.0,490.25433710401785
2012,5,HT,HT 타이거즈,133,62,65,6,256,3.9,488,0,24.759999999999998,0.6122307692307692,70.93076923076923,553.0,16.66,4.455357142857143,1.7100000000000002,564.0,490.15314831506373
2012,6,WO,넥센 히어로즈,133,61,69,3,243,3.83,469,0,20.77,0.5583928571428571,51.482142857142854,549.0,17.78,4.3075,1.4965,551.0,498.18182419149326
2012,7,LG,LG 트윈스,133,57,72,4,261,4.02,442,0,22.47,0.5056333333333334,28.91666666666667,543.0,15.5,4.9496,1.7112,580.0,467.08826469354074
2012,8,HH,한화 이글스,133,53,77,3,249,4.55,408,0,23.13,0.5509310344827586,56.741379310344826,509.0,10.08,5.163333333333333,1.76,647.0,382.3001667423419
2013,1,SS,삼성 라이온즈,128,75,51,2,283,3.98,595,1,28.46,0.707576923076923,91.90384615384616,669.0,21.18,4.682857142857143,1.76,545.0,601.0870470293545
2013,2,LG,LG 트윈스,128,74,54,0,282,3.72,578,3,23.5,0.5184615384615385,33.25,614.0,23.630000000000003,4.2345,1.4064999999999999,510.0,591.7412760391029
2013,3,WO,넥센 히어로즈,128,72,54,2,272,4.12,571,4,24.47,0.6550434782608696,84.04166666666667,646.0,22.53,4.4655555555555555,1.5238888888888888,576.0,557.0957906364545
2013,4,OB,두산 베어스,128,71,54,3,289,4.57,568,2,36.31,0.7802173913043479,113.04347826086956,699.0,11.39,5.274814814814814,1.9914814814814814,625.0,555.7171876166585
2013,5,LT,롯데 자이언츠,128,66,58,4,261,3.93,532,0,14.120000000000001,0.5504230769230769,40.784615384615385,532.0,23.47,4.7795000000000005,1.597,553.0,480.6524090863103
2013,6,SK,SK 와이번스,128,62,63,3,265,4.16,496,0,21.23,0.6020357142857142,55.82142857142857,588.0,19.01,5.772272727272727,1.8154545454545454,571.0,514.6646620562908
2013,7,NC,NC 다이노스,128,52,72,4,244,3.96,419,0,11.66,0.5427,33.0,512.0,19.439999999999998,274.0913043478261,5.992173913043478,551.0,463.3607013752426
2013,8,HT,HT 타이거즈,128,51,74,3,261,5.12,408,0,21.05,0.6056785714285714,64.26785714285714,587.0,15.540000000000001,262.89958333333334,5.906666666666666,711.0,405.3323765714156
2013,9,HH,한화 이글스,128,42,85,1,259,5.31,331,0,14.7,0.5269393939393939,37.912121212121214,480.0,5.98,5.086818181818182,1.7177272727272728,711.0,313.0770830016903
2014,1,SS,삼성 라이온즈,128,78,47,3,301,4.52,624,1,26.64,0.5958076923076923,43.619230769230775,812.0,23.04,147.2290909090909,6.108181818181818,621.0,630.9602530173821
2014,2,WO,넥센 히어로즈,128,78,48,2,298,5.25,619,2,28.96,0.6884090909090909,67.01818181818182,841.0,19.96,6.414090909090908,1.9145454545454543,716.0,579.7684634529654
2014,3,NC,NC 다이노스,128,70,57,1,282,4.29,551,4,15.16,0.6197777777777779,46.088888888888896,736.0,23.45,5.71047619047619,1.6752380952380952,608.0,594.382022471258
2014,4,LG,LG 트윈스,128,62,64,2,279,4.58,492,3,14.55,0.6813846153846155,73.17307692307692,668.0,19.42,7.257391304347825,1.6256521739130434,643.0,519.0624807333497
2014,5,SK,SK 와이번스,128,61,65,2,291,5.51,484,0,16.49,0.6312307692307692,50.01923076923077,735.0,14.12,6.528076923076923,1.9626923076923077,760.0,483.2822669018109
2014,6,OB,두산 베어스,128,59,68,1,293,5.43,465,0,20.72,0.6572608695652175,63.21304347826087,687.0,11.02,5.65625,2.0504166666666666,721.0,475.86634536808873
2014,7,LT,롯데 자이언츠,128,58,69,1,287,5.19,457,0,17.92,0.6308,50.78333333333333,698.0,19.54,5.560869565217391,1.6347826086956523,719.0,485.1832119218603
2014,8,HT,HT 타이거즈,128,54,74,0,288,5.82,422,0,14.55,0.7115416666666667,72.29583333333333,662.0,11.9,153.09380952380954,6.441904761904762,788.0,413.7546875527161
2014,9,HH,한화 이글스,128,49,77,2,283,6.35,389,0,12.14,0.5914516129032258,53.459375,619.0,5.25,448.52777777777777,9.436296296296296,889.0,326.5162993549739
2015,1,SS,삼성 라이온즈,144,88,56,0,302,4.69,611,2,34.17,0.63324,52.13461538461539,897.0,22.92,5.168947368421052,1.5673684210526317,716.0,610.817868841417
2015,2,NC,NC 다이노스,144,84,57,3,289,4.26,596,3,29.31,0.64128,64.536,844.0,26.119999999999997,125.07884615384616,5.8015384615384615,655.0,624.1110393638611
2015,3,OB,두산 베어스,144,79,65,0,290,5.02,549,1,30.47,0.7339199999999999,88.096,807.0,13.280000000000001,7.4708000000000006,2.3264,776.0,519.575562957082
2015,4,WO,넥센 히어로즈,144,78,65,1,298,4.91,545,4,31.54,0.7108,79.66,901.0,20.11,5.9025,1.7125000000000001,790.0,565.3600074095879
2015,5,SK,SK 와이번스,144,69,73,2,272,4.71,486,5,15.459999999999999,0.6840666666666666,71.61333333333333,693.0,19.72,5.3379166666666675,1.5879166666666666,724.0,478.1332603225944
2015,6,HH,한화 이글스,144,68,76,0,271,5.11,472,0,17.95,0.6308787878787878,54.78181818181818,699.0,15.39,207.47645161290325,5.2545161290322575,800.0,432.9262511725287
2015,7,HT,HT 타이거즈,144,67,77,0,251,4.79,465,0,7.05,0.57628125,41.40625,648.0,18.87,5.326538461538462,1.6669230769230767,739.0,434.67198053835597
2015,8,LT,롯데 자이언츠,144,66,77,1,280,5.07,462,0,20.82,0.5473103448275862,32.317241379310346,753.0,18.62,5.9222222222222225,1.774074074074074,801.0,469.1414103801316
2015,9,LG,LG 트윈스,144,64,78,2,269,4.62,451,0,11.87,0.6211764705882353,55.699999999999996,653.0,17.21,5.074285714285715,1.5647619047619048,721.0,450.63038309067304
2015,10,KT,KT 위즈,144,52,91,1,273,5.56,364,0,12.41,0.6082727272727273,47.47272727272727,640.0,11.82,6.153103448275862,1.9458620689655173,875.0,348.5290050838363
2016,1,OB,두산 베어스,144,93,50,1,298,4.45,650,1,34.69,0.7116153846153845,79.19615384615385,935.0,25.740000000000002,5.3156,1.7416,682.0,652.7238232897828
2016,2,NC,NC 다이노스,144,83,58,3,291,4.48,589,2,25.63,0.6556666666666666,60.644444444444446,857.0,26.259999999999998,5.382380952380952,1.6204761904761906,657.0,629.834713719919
2016,3,WO,넥센 히어로즈,144,77,66,1,293,4.96,538,4,21.04,0.7031739130434782,76.07391304347826,803.0,23.33,6.567777777777777,1.8792592592592594,757.0,529.461562841867
2016,4,LG,LG 트윈스,144,71,71,2,290,5.04,500,3,20.87,0.7175999999999999,84.13666666666667,786.0,14.73,676.3481481481481,5.271851851851852,807.0,486.8196163252786
2016,5,HT,HT 타이거즈,144,70,73,1,286,4.97,490,5,22.21,0.6978666666666666,72.76333333333334,803.0,18.61,6.4475999999999996,1.8744,785.0,511.33355643026965
2016,6,SK,SK 와이번스,144,69,75,0,291,4.87,479,0,19.95,0.6974615384615385,70.5923076923077,753.0,20.3,5.4236,1.6228,784.0,479.8390406752507
2016,7,HH,한화 이글스,144,66,75,3,289,5.76,468,0,18.33,0.5723939393939393,34.75757575757576,826.0,11.93,6.103461538461539,1.9746153846153844,908.0,452.8160133795792
2016,8,LT,롯데 자이언츠,144,66,78,0,288,5.63,458,0,18.74,0.6322580645161291,50.57419354838709,777.0,15.8,6.361599999999999,1.8207999999999998,865.0,446.56031196294657
2016,9,SS,삼성 라이온즈,144,65,78,1,293,5.64,455,0,21.33,0.7123461538461539,76.77692307692308,851.0,15.97,6.29,1.7957692307692308,869.0,489.5360297205893
2016,10,KT,KT 위즈,144,53,89,2,276,5.92,373,0,7.9799999999999995,0.6002142857142857,41.61071428571428,646.0,8.18,6.00037037037037,2.1366666666666667,927.0,326.8849210232078
2017,1,HT,HT 타이거즈,144,87,56,1,302,4.79,608,1,32.65,0.6738275862068965,74.64137931034483,906.0,21.46,5.963461538461539,2.083076923076923,743.0,597.8913018930224
2017,2,OB,두산 베어스,144,84,57,3,294,4.38,596,2,33.34,0.6954347826086957,77.48260869565217,849.0,22.61,264.32,2.243913043478261,678.0,610.5973392286978
2017,3,LT,롯데 자이언츠,144,80,62,2,285,4.56,563,4,19.16,0.6395909090909091,56.57727272727273,742.0,27.0,4.804285714285714,1.4566666666666666,701.0,528.3901090722545
2017,4,NC,NC 다이노스,144,79,62,3,293,4.71,560,3,26.08,0.6142758620689656,50.255172413793105,785.0,20.16,5.494,1.4985,745.0,526.1259338309276
2017,5,SK,SK 와이번스,144,75,68,1,271,5.02,524,5,17.62,0.661,58.7875,761.0,16.72,6.0476,1.9203999999999999,767.0,496.0733589737144
2017,6,LG,LG 트윈스,144,69,72,3,281,4.3,489,0,14.26,0.6989310344827586,83.02758620689656,696.0,21.85,4.863181818181818,1.4390909090909092,677.0,513.8356607560752
2017,7,WO,넥센 히어로즈,144,69,73,2,290,5.03,486,0,21.47,0.6823928571428571,69.25714285714285,789.0,18.64,5.7780000000000005,1.7846666666666666,764.0,516.093704532007
2017,8,HH,한화 이글스,144,61,81,2,287,5.28,430,0,20.37,0.5999705882352941,48.60294117647059,737.0,12.43,5.394399999999999,1.6728,820.0,446.84341242624083
2017,9,SS,삼성 라이온즈,144,55,84,5,279,5.88,396,0,15.18,0.5864137931034483,38.44137931034483,753.0,10.56,5.921923076923077,1.7976923076923077,911.0,405.89650161396355
2017,10,KT,KT 위즈,144,50,94,0,275,5.75,347,0,9.47,0.6075925925925927,45.18888888888888,624.0,10.27,5.7036,1.7936,876.0,336.61147765438346
2018,1,OB,두산 베어스,144,93,51,0,309,4.98,646,2,38.89,0.743074074074074,89.42222222222223,944.0,22.46,7.373214285714285,2.088214285714286,756.0,609.2521084695617
2018,2,SK,SK 와이번스,144,78,65,1,281,4.67,545,1,23.62,0.71544,75.096,829.0,24.31,7.033214285714286,2.099285714285714,729.0,563.9215152102322
2018,3,HH,한화 이글스,144,77,67,0,275,4.93,535,4,13.37,0.6087307692307692,58.96296296296296,729.0,19.81,6.070714285714287,1.6642857142857144,761.0,478.5333912015011
2018,4,WO,넥센 히어로즈,144,75,69,0,288,5.08,521,3,22.65,0.701375,72.075,825.0,20.08,5.7428,1.7528,780.0,528.0153604464397
2018,5,SS,삼성 라이온즈,144,68,72,4,288,5.19,486,0,16.06,0.5766071428571429,34.175,775.0,22.7,6.495384615384615,1.6888461538461537,802.0,482.88390124327145
2018,6,HT,HT 타이거즈,144,70,74,0,295,5.4,486,5,26.05,0.6611785714285714,60.36785714285714,865.0,15.67,263.61958333333337,5.7195833333333335,826.0,523.0510149936819
2018,7,LT,롯데 자이언츠,144,68,74,2,289,5.37,479,0,24.38,0.719,76.68260869565218,806.0,18.39,5.7308,1.8192,846.0,475.8011120938221
2018,8,LG,LG 트윈스,144,68,75,1,293,5.29,476,0,22.770000000000003,0.66708,69.384,787.0,12.440000000000001,7.231851851851851,2.281111111111111,816.0,481.9148398136654
2018,9,KT,KT 위즈,144,59,82,3,275,5.34,418,0,17.35,0.5321428571428571,24.071428571428573,755.0,14.530000000000001,5.4996,1.7552,834.0,450.4057820080655
2018,10,NC,NC 다이노스,144,58,85,1,261,5.48,406,0,6.5200000000000005,0.5612727272727273,32.27272727272727,659.0,10.57,6.438461538461539,1.756153846153846,844.0,378.7498353849814
2019,1,SK,SK 와이번스,144,88,55,1,262,3.48,615,3,18.7,0.5341290322580645,40.55806451612903,655.0,27.970000000000002,4.896,1.6416,533.0,601.6219005648443
2019,2,OB,두산 베어스,144,88,55,1,278,3.51,615,1,30.330000000000002,0.5514800000000001,51.748000000000005,734.0,24.85,568.4840909090909,10.562727272727273,550.0,640.4186121696126
2019,3,WO,키움 히어로즈,144,86,57,1,282,3.61,601,2,32.51,0.6195454545454545,70.77727272727272,780.0,25.5,4.495217391304348,2.2269565217391305,572.0,650.2890173403454
2019,4,LG,LG 트윈스,144,79,64,1,267,3.86,552,4,21.619999999999997,0.5695384615384615,58.56923076923077,639.0,16.82,5.430357142857143,1.615,633.0,504.7168761813764
2019,5,NC,NC 다이노스,144,73,69,2,278,4.01,514,5,26.34,0.6523225806451614,72.49032258064516,674.0,23.65,4.746551724137931,1.6948275862068964,631.0,532.9144558477249
2019,6,KT,KT 위즈,144,71,71,2,277,4.29,500,0,22.630000000000003,0.5617037037037037,52.76296296296296,650.0,18.46,5.656923076923078,1.7669230769230768,661.0,491.6100490906185
2019,7,HT,HT 타이거즈,144,62,80,2,264,4.65,437,0,18.57,0.5887142857142857,57.06285714285715,605.0,12.79,5.1084000000000005,1.83,723.0,411.8406218138969
2019,8,SS,삼성 라이온즈,144,60,83,1,256,4.64,420,0,16.73,0.5975172413793103,56.01379310344828,622.0,13.89,4.934285714285714,1.5566666666666666,731.0,419.95777453292015
2019,9,HH,한화 이글스,144,58,86,0,256,4.8,403,0,13.32,0.5525625,48.41875,607.0,10.3,5.460689655172414,2.177931034482759,737.0,404.1703871573354
2019,10,LT,롯데 자이언츠,144,48,93,3,250,4.83,340,0,9.709999999999999,0.541032258064516,42.770967741935486,566.0,9.05,6.188666666666666,2.127666666666667,764.0,354.3557229005031
2020,1,NC,NC 다이노스,144,83,55,6,291,4.58,601,1,33.39,0.6848928571428571,74.88214285714285,888.0,24.94,5.806363636363637,4.584848484848485,714.0,607.3478441697804
2020,2,KT,KT 위즈,144,81,62,1,284,4.54,566,3,29.119999999999997,0.5716538461538462,48.36538461538461,813.0,24.62,236.25888888888892,6.022222222222222,715.0,563.8733861454982
2020,3,OB,두산 베어스,144,79,61,4,293,4.31,564,2,31.82,0.6240357142857142,65.61428571428571,816.0,20.47,219.59758620689655,5.334827586206897,695.0,579.5691633854336
2020,4,LG,LG 트윈스,144,79,61,4,277,4.37,564,4,27.12,0.65032,75.792,797.0,19.97,5.918571428571428,1.947142857142857,694.0,568.7530498855538
2020,5,WO,키움 히어로즈,144,80,63,1,269,4.39,559,5,24.86,0.6531428571428571,72.81071428571428,759.0,21.2,5.524666666666667,2.0506666666666664,692.0,546.0768096909828
2020,6,HT,HT 타이거즈,144,73,71,0,274,5.13,507,0,20.03,0.6184193548387097,63.91612903225807,724.0,15.450000000000001,6.5075,2.064285714285714,795.0,453.3606180928287
2020,7,LT,롯데 자이언츠,144,71,72,1,276,4.64,497,0,18.53,0.65656,72.032,750.0,22.2,5.4472000000000005,1.7748000000000002,720.0,520.3996669437317
2020,8,SS,삼성 라이온즈,144,64,75,5,268,4.78,460,0,13.23,0.6400344827586207,69.25172413793103,699.0,22.07,7.4981481481481485,2.3462962962962965,745.0,468.1763390328832
2020,9,SK,SK 와이번스,144,51,92,1,250,5.57,357,0,9.040000000000001,0.6293333333333333,59.26969696969697,634.0,8.86,6.711071428571429,2.037142857142857,833.0,366.80004927670717
2020,10,HH,한화 이글스,144,46,95,3,245,5.28,326,0,3.2699999999999996,0.614027027027027,61.900000000000006,551.0,9.14,5.844333333333334,1.828,818.0,312.1139068078726
2021,1,KT,KT 위즈,144,76,59,9,265,3.67,563,1,22.73,0.6581111111111111,75.76666666666667,719.0,29.17,4.702916666666667,1.5229166666666665,584.0,602.5067102393047
2021,2,SS,삼성 라이온즈,144,76,59,9,267,4.3,563,3,19.34,0.5448888888888889,34.48888888888889,712.0,22.98,5.67962962962963,1.6944444444444444,658.0,539.3549155869092
2021,3,LG,LG 트윈스,144,72,58,14,250,3.57,554,4,21.54,0.5654333333333333,51.62,654.0,26.17,4.509375,1.4925,561.0,576.0973658363254
2021,4,OB,두산 베어스,144,71,65,8,268,4.26,522,2,25.6,0.5304285714285715,40.021428571428565,738.0,21.2,5.726333333333333,1.78,656.0,558.6206896545995
2021,5,WO,키움 히어로즈,144,70,67,7,259,4.31,511,5,21.81,0.612,69.70666666666666,722.0,16.49,5.894333333333334,2.096,700.0,515.4674651230362
2021,6,SK,SK 랜더스,144,66,64,14,261,4.82,508,0,28.55,0.5931428571428572,48.81785714285714,755.0,15.27,6.042258064516129,2.0119354838709675,732.0,515.4636844627834
2021,7,NC,NC 다이노스,144,67,68,9,261,4.54,496,0,23.25,0.5916363636363636,54.04545454545455,702.0,17.88,5.461875,1.8421875,697.0,503.57393576367417
2021,8,LT,롯데 자이언츠,144,65,71,8,278,5.37,478,0,23.740000000000002,0.5927333333333333,53.14,727.0,14.03,6.151515151515151,1.920909090909091,805.0,449.2178004575657
2021,9,HT,HT 타이거즈,144,58,76,10,248,4.89,433,0,10.88,0.5843666666666666,61.32666666666667,568.0,12.93,6.124827586206897,1.7879310344827586,751.0,363.8787537004214
2021,10,HH,한화 이글스,144,49,83,12,237,4.65,371,0,11.72,0.5292941176470588,40.95882352941176,599.0,12.33,6.0296875,1.88625,735.0,399.09969233325944
2022,1,SK,SK 랜더스,144,88,52,4,254,3.87,629,1,24.75,0.5735862068965517,54.37586206896552,720.0,23.98,5.691724137931034,1.7444827586206897,622.0,572.6379787993903
2022,2,LG,LG 트윈스,144,87,55,2,269,3.33,613,3,29.8,0.5847692307692308,63.16923076923077,715.0,28.0,4.644137931034483,1.4048275862068966,521.0,653.1841168510537
2022,3,KT,KT 위즈,144,80,62,2,254,3.51,563,4,18.8,0.5573571428571429,47.08571428571429,631.0,29.83,4.3048,1.5168000000000001,562.0,557.6445543090628
2022,4,WO,키움 히어로즈,144,80,62,2,252,3.79,563,2,19.169999999999998,0.5895185185185186,69.77777777777777,621.0,21.349999999999998,5.06,1.722,610.0,508.935111072901
2022,5,HT,HT 타이거즈,144,70,73,1,272,4.2,490,5,29.79,0.5466071428571428,48.875,720.0,16.41,5.451333333333333,2.0586666666666664,679.0,529.2814983235036
2022,6,NC,NC 다이노스,144,67,74,3,257,3.9,475,0,21.04,0.6020740740740741,65.11111111111111,646.0,19.52,5.125925925925926,1.594074074074074,642.0,503.1055601093418
2022,7,SS,삼성 라이온즈,144,66,76,2,270,4.29,465,0,19.27,0.6234375,69.375,663.0,17.59,5.455172413793103,1.6455172413793102,695.0,476.4490122410546
2022,8,LT,롯데 자이언츠,144,64,76,4,267,4.45,457,0,17.06,0.5955,65.46923076923078,605.0,16.03,5.327407407407407,2.423333333333334,705.0,424.10636695391446
2022,9,OB,두산 베어스,144,60,82,2,255,4.45,423,0,16.28,0.6416666666666667,98.23548387096774,638.0,7.55,5.134444444444444,1.765185185185185,721.0,439.15264568912096
2022,10,HH,한화 이글스,144,46,96,2,245,4.83,324,0,12.479999999999999,0.5652222222222223,53.092592592592595,564.0,7.83,98.85363636363638,4.667272727272727,756.0,357.5590806082093
2023,1,LG,LG 트윈스,144,86,56,2,279,3.67,606,1,32.99,0.63692,80.036,767.0,22.150000000000002,5.861515151515151,2.007878787878788,610.0,612.5528301546431
2023,2,KT,KT 위즈,144,79,62,3,265,3.94,560,2,19.81,0.5625333333333333,63.28064516129032,672.0,26.8,4.501538461538462,1.701153846153846,616.0,543.3962264144404
2023,3,SK,SK 랜더스,144,76,65,3,260,4.37,539,4,22.4,0.5910357142857142,60.035714285714285,657.0,16.25,605.822,6.0612,698.0,469.76937551439704
2023,4,NC,NC 다이노스,144,75,67,2,270,3.83,528,3,24.380000000000003,0.6202500000000001,69.89642857142857,679.0,22.95,4.918571428571428,1.634642857142857,617.0,547.7302698008295
2023,5,OB,두산 베어스,144,74,68,2,255,3.92,521,5,21.27,0.5970689655172414,65.80344827586207,620.0,17.89,5.583928571428571,1.875,625.0,495.9840005154724
2023,6,HT,HT 타이거즈,144,73,69,2,276,4.13,514,0,25.16,0.5994074074074075,66.27407407407408,726.0,18.4,4.712916666666667,1.5229166666666665,650.0,555.0645761892097
2023,7,LT,롯데 자이언츠,144,68,76,0,265,4.15,472,0,17.82,0.586344827586207,60.51724137931034,653.0,19.3,5.337096774193548,1.6370967741935485,656.0,497.70818621585454
2023,8,SS,삼성 라이온즈,144,61,82,1,263,4.6,427,0,16.64,0.5680588235294117,52.40294117647059,636.0,13.370000000000001,6.45483870967742,1.8364516129032258,728.0,432.856775960499
2023,9,HH,한화 이글스,144,58,80,6,241,4.38,420,0,13.799999999999999,0.5199354838709677,43.60322580645161,604.0,13.06,5.036333333333333,1.6306666666666667,708.0,421.2266765190038
2023,10,WO,키움 히어로즈,144,58,83,3,261,4.42,411,0,15.11,0.5750000000000001,55.75588235294118,607.0,14.27,5.7103125,1.9671875,705.0,425.7193168131848
2024,1,HT,HT 타이거즈,144,87,55,2,301,4.4,613,1,31.64,0.7652,100.52,858.0,21.04,5.621290322580645,1.8190322580645162,759.0,560.9958506219791
2024,2,SS,삼성 라이온즈,144,78,64,2,269,4.68,549,2,16.74,0.6216470588235294,56.76764705882353,770.0,25.56,6.1375,2.292857142857143,719.0,534.21104084157
2024,3,LG,LG 트윈스,144,76,66,2,283,4.63,535,3,28.1,0.6033448275862069,57.47931034482759,808.0,19.09,5.894,1.8196666666666668,728.0,551.9424304724259
2024,4,OB,두산 베어스,144,74,68,2,276,4.82,521,5,24.38,0.69071875,86.875,789.0,18.97,5.367999999999999,1.8673333333333333,748.0,526.6563735957136
2024,5,KT,KT 위즈,144,72,70,2,279,5.11,507,4,21.09,0.6795625,76.7125,767.0,17.69,5.464615384615385,1.8046153846153847,804.0,476.4611789856877
2024,6,SK,SK 랜더스,144,72,70,2,273,5.25,507,0,17.169999999999998,0.5566071428571429,38.07142857142857,756.0,17.41,7.0,2.1085714285714285,814.0,463.107674057181
2024,7,LT,롯데 자이언츠,144,66,74,4,285,5.05,471,0,21.4,0.62459375,55.431250000000006,800.0,21.3,348.7882142857143,5.424642857142857,778.0,513.9389890173535
2024,8,HH,한화 이글스,144,66,76,2,270,4.98,465,0,14.73,0.6160769230769231,57.53076923076923,745.0,17.57,5.831666666666667,5.359999999999999,780.0,477.0612630805793
2024,9,NC,NC 다이노스,144,61,81,2,274,5.0,430,0,22.799999999999997,0.6772962962962963,73.04444444444445,773.0,14.84,5.763870967741935,1.8167741935483872,801.0,482.2165551633144
2024,10,WO,키움 히어로즈,144,58,86,0,264,5.16,403,0,12.53,0.55053125,42.00625,658.0,12.85,6.493793103448276,1.9341379310344828,796.0,405.9367323591236
2025,1,LG,LG 트윈스,144,85,56,3,278,3.79,603,1,34.92,0.72572,103.352,788.0,25.53,6.4383333333333335,1.7066666666666668,584.0,645.4719334712626
2025,2,HH,한화 이글스,144,83,57,4,266,3.55,593,2,19.19,0.7641111111111111,116.64814814814815,689.0,31.3,4.745217391304348,1.5795652173913042,554.0,607.3420270527018
2025,3,SK,SK 랜더스,144,75,65,4,256,3.63,536,4,14.56,0.640375,74.253125,608.0,29.85,4.994285714285714,1.4061904761904762,576.0,527.0072992693216
2025,4,SS,삼성 라이온즈,144,74,68,2,271,4.12,521,3,26.98,0.5984999999999999,56.78666666666666,775.0,24.23,5.104827586206897,1.7403448275862068,647.0,589.2905848896432
2025,5,NC,NC 다이노스,144,71,67,6,260,4.82,514,5,24.689999999999998,0.5979677419354839,59.748387096774195,732.0,11.73,6.076333333333333,1.8546666666666667,765.0,477.96661876467664
2025,6,KT,KT 위즈,144,71,68,5,253,4.09,511,0,17.009999999999998,0.5938214285714285,60.917857142857144,648.0,20.42,5.1970370370370365,1.828888888888889,655.0,494.62793708249495
2025,7,LT,롯데 자이언츠,144,66,72,6,267,4.75,478,0,18.34,0.6228571428571429,68.27142857142857,676.0,14.16,4.993571428571428,1.7428571428571427,712.0,474.0808365834571
2025,8,HT,HT 타이거즈,144,65,75,4,258,4.66,464,0,22.79,0.6469666666666666,79.45666666666666,668.0,13.15,5.496764705882352,1.7088235294117649,734.0,453.028487887619
2025,9,OB,두산 베어스,144,61,77,6,262,4.3,442,0,20.81,0.529235294117647,35.90882352941176,647.0,15.299999999999999,4.769642857142857,1.512857142857143,686.0,470.76770823322994
2025,10,WO,키움 히어로즈,144,47,93,4,244,5.39,336,0,10.530000000000001,0.5601351351351351,56.61081081081081,580.0,-3.52,5.950689655172414,2.0258620689655173,860.0,312.6394052041704
